"stat_id","num_stat","stat_name","network","state","city","start_date","end_date","lat","lon","elevation","landuse","NLCD2011.ImperviousSurface","NLCD2011.ImperviousSurface.Location.Setting","NLCD2006.ImperviousSurface","NLCD2006.ImperviousSurface.Location.Setting","NLCD2001.ImperviousSurface","NLCD2001.ImperviousSurface.Location.Setting"
"Abisko001",1,"Abisko","AERONET",NA,NA,NA,NA,68.35,18.817,390,NA,NA,NA,NA,NA,NA,NA
"Abracos002",2,"Abracos_Hill","AERONET",NA,NA,NA,NA,-10.76,-62.358,200,NA,NA,NA,NA,NA,NA,NA
"Abu_Al_003",3,"Abu_Al_Bukhoosh","AERONET",NA,NA,NA,NA,25.495,53.146,24,NA,NA,NA,NA,NA,NA,NA
"Abu_Dha004",4,"Abu_Dhabi","AERONET",NA,NA,NA,NA,24.476,54.329,7,NA,NA,NA,NA,NA,NA,NA
"Adelaid005",5,"Adelaide_Site_7","AERONET",NA,NA,NA,NA,-34.725,138.656,30,NA,NA,NA,NA,NA,NA,NA
"Agoufou006",6,"Agoufou","AERONET",NA,NA,NA,NA,15.345,-1.479,305,NA,NA,NA,NA,NA,NA,NA
"Aguas_E007",7,"Aguas_Emendadas","AERONET",NA,NA,NA,NA,-15.582,-47.656,1100,NA,NA,NA,NA,NA,NA,NA
"Ahi_De_008",8,"Ahi_De_Cara","AERONET",NA,NA,NA,NA,37.117,-3.23,2103,NA,NA,NA,NA,NA,NA,NA
"Aire_Ad009",9,"Aire_Adour","AERONET",NA,NA,NA,NA,43.7,0.25,80,NA,NA,NA,NA,NA,NA,NA
"Al_Ain010",10,"Al_Ain","AERONET",NA,NA,NA,NA,24.242,55.705,283,NA,NA,NA,NA,NA,NA,NA
"Albany_011",11,"Albany_Oregon","AERONET",NA,NA,NA,NA,44.583,-123.067,67,NA,2.91919183731079,"DEVELOPED_OPEN_SPACE",2.91919183731079,"DEVELOPED_OPEN_SPACE",2.91919183731079,"DEVELOPED_OPEN_SPACE"
"Al_Dhaf012",12,"Al_Dhafra","AERONET",NA,NA,NA,NA,24.254,54.55,40,NA,NA,NA,NA,NA,NA,NA
"Al_Khaz013",13,"Al_Khaznah","AERONET",NA,NA,NA,NA,24.159,55.101,192,NA,NA,NA,NA,NA,NA,NA
"Al_Qlaa014",14,"Al_Qlaa","AERONET",NA,NA,NA,NA,24.133,53.033,5,NA,NA,NA,NA,NA,NA,NA
"Alta_Fl015",15,"Alta_Floresta","AERONET",NA,NA,NA,NA,-9.871,-56.104,277,NA,NA,NA,NA,NA,NA,NA
"Ames016",16,"Ames","AERONET",NA,NA,NA,NA,42.021,-93.775,338,NA,7.03122138977051,"DEVELOPED_OPEN_SPACE",6.76400375366211,"DEVELOPED_OPEN_SPACE",6.76400375366211,"DEVELOPED_OPEN_SPACE"
"Amsterd017",17,"Amsterdam_Island","AERONET",NA,NA,NA,NA,-37.81,77.573,30,NA,NA,NA,NA,NA,NA,NA
"Andenes018",18,"Andenes","AERONET",NA,NA,NA,NA,69.278,16.009,379,NA,NA,NA,NA,NA,NA,NA
"Andros_019",19,"Andros_Island","AERONET",NA,NA,NA,NA,24.7,-77.8,0,NA,NA,NA,NA,NA,NA,NA
"Angiola020",20,"Angiola","AERONET",NA,NA,NA,NA,35.947,-119.538,210,NA,2.59687781333923,"DEVELOPED_OPEN_SPACE",2.59687781333923,"DEVELOPED_OPEN_SPACE",2.59687781333923,"DEVELOPED_OPEN_SPACE"
"Anmyon021",21,"Anmyon","AERONET",NA,NA,NA,NA,36.539,126.33,47,NA,NA,NA,NA,NA,NA,NA
"Appalac022",22,"Appalachian_State","AERONET",NA,NA,NA,NA,36.215,-81.694,1080,NA,10.3884296417236,"DEVELOPED_OPEN_SPACE",9.50505065917969,"DEVELOPED_OPEN_SPACE",7.83011960983276,"DEVELOPED_OPEN_SPACE"
"Appledo023",23,"Appledore_Island","AERONET",NA,NA,NA,NA,42.987,-70.615,35,NA,3.73094582557678,"DEVELOPED_OPEN_SPACE",3.73094582557678,"DEVELOPED_OPEN_SPACE",3.3168044090271,"DEVELOPED_OPEN_SPACE"
"Arcacho024",24,"Arcachon","AERONET",NA,NA,NA,NA,44.664,-1.163,11,NA,NA,NA,NA,NA,NA,NA
"Arica025",25,"Arica","AERONET",NA,NA,NA,NA,-18.472,-70.313,25,NA,NA,NA,NA,NA,NA,NA
"Ariquiu026",26,"Ariquiums","AERONET",NA,NA,NA,NA,-9.917,-63.033,80,NA,NA,NA,NA,NA,NA,NA
"ARM_Bar027",27,"ARM_Barnstable_MA","AERONET",NA,NA,NA,NA,41.67,-70.29,15,NA,75.9687805175781,"DEVELOPED_MEDIUM_INTENSITY",75.5932083129883,"DEVELOPED_MEDIUM_INTENSITY",74.5996322631836,"DEVELOPED_MEDIUM_INTENSITY"
"ARM_Dar028",28,"ARM_Darwin","AERONET",NA,NA,NA,NA,-12.425,130.891,29,NA,NA,NA,NA,NA,NA,NA
"ARM_Gan029",29,"ARM_Gan_Island","AERONET",NA,NA,NA,NA,-0.691,73.15,1,NA,NA,NA,NA,NA,NA,NA
"ARM_Hig030",30,"ARM_Highlands_MA","AERONET",NA,NA,NA,NA,42.03,-70.049,47,NA,0,"NO_DEVELOPMENT",0,"NO_DEVELOPMENT",0,"NO_DEVELOPMENT"
"Armilla031",31,"Armilla","AERONET",NA,NA,NA,NA,37.133,-3.242,691,NA,NA,NA,NA,NA,NA,NA
"ARM_Nai032",32,"ARM_Nainital","AERONET",NA,NA,NA,NA,29.359,79.458,1943,NA,NA,NA,NA,NA,NA,NA
"Ascensi033",33,"Ascension_Island","AERONET",NA,NA,NA,NA,-7.976,-14.415,30,NA,NA,NA,NA,NA,NA,NA
"ATHENS-034",34,"ATHENS-NOA","AERONET",NA,NA,NA,NA,37.988,23.775,130,NA,NA,NA,NA,NA,NA,NA
"Aubiere035",35,"Aubiere_LAMP","AERONET",NA,NA,NA,NA,45.761,3.111,423,NA,NA,NA,NA,NA,NA,NA
"Autilla036",36,"Autilla","AERONET",NA,NA,NA,NA,41.997,-4.603,873,NA,NA,NA,NA,NA,NA,NA
"Avignon037",37,"Avignon","AERONET",NA,NA,NA,NA,43.933,4.878,32,NA,NA,NA,NA,NA,NA,NA
"Azores038",38,"Azores","AERONET",NA,NA,NA,NA,38.53,-28.63,50,NA,NA,NA,NA,NA,NA,NA
"Bac_Gia039",39,"Bac_Giang","AERONET",NA,NA,NA,NA,21.291,106.225,15,NA,NA,NA,NA,NA,NA,NA
"Bach_Lo040",40,"Bach_Long_Vy","AERONET",NA,NA,NA,NA,20.133,107.733,5,NA,NA,NA,NA,NA,NA,NA
"BackGar041",41,"BackGarden_GZ","AERONET",NA,NA,NA,NA,23.296,113.021,150,NA,NA,NA,NA,NA,NA,NA
"Bac_Lie042",42,"Bac_Lieu","AERONET",NA,NA,NA,NA,9.28,105.73,10,NA,NA,NA,NA,NA,NA,NA
"Baengny043",43,"Baengnyeong","AERONET",NA,NA,NA,NA,37.966,124.63,136,NA,NA,NA,NA,NA,NA,NA
"Bahrain044",44,"Bahrain","AERONET",NA,NA,NA,NA,26.208,50.609,25,NA,NA,NA,NA,NA,NA,NA
"Balbina045",45,"Balbina","AERONET",NA,NA,NA,NA,-1.917,-59.487,80,NA,NA,NA,NA,NA,NA,NA
"Bambey-046",46,"Bambey-ISRA","AERONET",NA,NA,NA,NA,14.709,-16.477,30,NA,NA,NA,NA,NA,NA,NA
"Bandung047",47,"Bandung","AERONET",NA,NA,NA,NA,-6.888,107.61,826,NA,NA,NA,NA,NA,NA,NA
"Baneasa048",48,"Baneasa","AERONET",NA,NA,NA,NA,44.511,26.078,127,NA,NA,NA,NA,NA,NA,NA
"Banizou049",49,"Banizoumbou","AERONET",NA,NA,NA,NA,13.541,2.665,250,NA,NA,NA,NA,NA,NA,NA
"Barbado050",50,"Barbados","AERONET",NA,NA,NA,NA,13.15,-59.617,114,NA,NA,NA,NA,NA,NA,NA
"Barcelo051",51,"Barcelona","AERONET",NA,NA,NA,NA,41.386,2.117,125,NA,NA,NA,NA,NA,NA,NA
"Bareill052",52,"Bareilly","AERONET",NA,NA,NA,NA,28.39,79.437,169,NA,NA,NA,NA,NA,NA,NA
"Bari_Un053",53,"Bari_University","AERONET",NA,NA,NA,NA,41.108,16.884,12,NA,NA,NA,NA,NA,NA,NA
"Barrow054",54,"Barrow","AERONET",NA,NA,NA,NA,71.312,-156.665,0,NA,NA,NA,NA,NA,NA,NA
"Beijing055",55,"Beijing","AERONET",NA,NA,NA,NA,39.977,116.381,92,NA,NA,NA,NA,NA,NA,NA
"Belsk056",56,"Belsk","AERONET",NA,NA,NA,NA,51.837,20.792,190,NA,NA,NA,NA,NA,NA,NA
"Belterr057",57,"Belterra","AERONET",NA,NA,NA,NA,-2.648,-54.952,70,NA,NA,NA,NA,NA,NA,NA
"Bermuda058",58,"Bermuda","AERONET",NA,NA,NA,NA,32.37,-64.696,10,NA,NA,NA,NA,NA,NA,NA
"Bethleh059",59,"Bethlehem","AERONET",NA,NA,NA,NA,-28.248,28.333,1709,NA,NA,NA,NA,NA,NA,NA
"Biarrit060",60,"Biarritz","AERONET",NA,NA,NA,NA,43.483,-1.55,0,NA,NA,NA,NA,NA,NA,NA
"Bidi_Ba061",61,"Bidi_Bahn","AERONET",NA,NA,NA,NA,14.06,-2.45,0,NA,NA,NA,NA,NA,NA,NA
"Big_Mea062",62,"Big_Meadows","AERONET",NA,NA,NA,NA,38.522,-78.436,1082,NA,0.536271810531616,"DEVELOPED_OPEN_SPACE",0.536271810531616,"DEVELOPED_OPEN_SPACE",0.536271810531616,"DEVELOPED_OPEN_SPACE"
"Billeri063",63,"Billerica","AERONET",NA,NA,NA,NA,42.528,-71.269,82,NA,27.6363639831543,"DEVELOPED_LOW_INTENSITY",26.9247016906738,"DEVELOPED_LOW_INTENSITY",24.4536266326904,"DEVELOPED_LOW_INTENSITY"
"Birdsvi064",64,"Birdsville","AERONET",NA,NA,NA,NA,-25.899,139.346,46,NA,NA,NA,NA,NA,NA,NA
"Birkene065",65,"Birkenes","AERONET",NA,NA,NA,NA,58.388,8.252,230,NA,NA,NA,NA,NA,NA,NA
"Black_F066",66,"Black_Forest_AMF","AERONET",NA,NA,NA,NA,48.54,8.397,511,NA,NA,NA,NA,NA,NA,NA
"Blida067",67,"Blida","AERONET",NA,NA,NA,NA,36.508,2.881,230,NA,NA,NA,NA,NA,NA,NA
"Bodele068",68,"Bodele","AERONET",NA,NA,NA,NA,16.883,18.55,179,NA,NA,NA,NA,NA,NA,NA
"Bonanza069",69,"Bonanza_Creek","AERONET",NA,NA,NA,NA,64.743,-148.316,150,NA,NA,NA,NA,NA,NA,NA
"Bondouk070",70,"Bondoukoui","AERONET",NA,NA,NA,NA,11.85,-3.75,0,NA,NA,NA,NA,NA,NA,NA
"BONDVIL071",71,"BONDVILLE","AERONET",NA,NA,NA,NA,40.053,-88.372,212,NA,0.915518820285797,"DEVELOPED_OPEN_SPACE",0.915518820285797,"DEVELOPED_OPEN_SPACE",0.915518820285797,"DEVELOPED_OPEN_SPACE"
"BORDEAU072",72,"BORDEAUX","AERONET",NA,NA,NA,NA,44.788,-0.579,40,NA,NA,NA,NA,NA,NA,NA
"Bordj_B073",73,"Bordj_Badji_Mokhtar","AERONET",NA,NA,NA,NA,21.33,0.95,400,NA,NA,NA,NA,NA,NA,NA
"Bordman074",74,"Bordman","AERONET",NA,NA,NA,NA,45.817,-119.667,200,NA,2.4251606464386,"DEVELOPED_OPEN_SPACE",2.4251606464386,"DEVELOPED_OPEN_SPACE",2.4251606464386,"DEVELOPED_OPEN_SPACE"
"Boulder075",75,"Boulder","AERONET",NA,NA,NA,NA,40.017,-105.25,1600,NA,31.2167129516602,"DEVELOPED_LOW_INTENSITY",30.4141407012939,"DEVELOPED_LOW_INTENSITY",29.7869606018066,"DEVELOPED_LOW_INTENSITY"
"Bozeman076",76,"Bozeman","AERONET",NA,NA,NA,NA,45.662,-111.045,1507,NA,24.7603302001953,"DEVELOPED_LOW_INTENSITY",23.5674934387207,"DEVELOPED_LOW_INTENSITY",23.2874202728271,"DEVELOPED_LOW_INTENSITY"
"Bragans077",77,"Bragansa","AERONET",NA,NA,NA,NA,-0.834,-46.641,55,NA,NA,NA,NA,NA,NA,NA
"Brasili078",78,"Brasilia","AERONET",NA,NA,NA,NA,-15.917,-47.9,1100,NA,NA,NA,NA,NA,NA,NA
"Bratts_079",79,"Bratts_Lake","AERONET",NA,NA,NA,NA,50.28,-104.7,586,NA,NA,NA,NA,NA,NA,NA
"Brisban080",80,"Brisbane-Uni_of_QLD","AERONET",NA,NA,NA,NA,-27.497,153.014,42,NA,NA,NA,NA,NA,NA,NA
"Brookha081",81,"Brookhaven","AERONET",NA,NA,NA,NA,40.87,-72.889,33,NA,11.1836547851562,"DEVELOPED_OPEN_SPACE",11.0257120132446,"DEVELOPED_OPEN_SPACE",10.1533517837524,"DEVELOPED_OPEN_SPACE"
"Brussel082",82,"Brussels","AERONET",NA,NA,NA,NA,50.783,4.35,120,NA,NA,NA,NA,NA,NA,NA
"BSRN_BA083",83,"BSRN_BAO_Boulder","AERONET",NA,NA,NA,NA,40.045,-105.006,1604,NA,1.36547291278839,"DEVELOPED_OPEN_SPACE",1.36547291278839,"DEVELOPED_OPEN_SPACE",1.36547291278839,"DEVELOPED_OPEN_SPACE"
"Bucares084",84,"Bucarest","AERONET",NA,NA,NA,NA,44.45,26.525,44,NA,NA,NA,NA,NA,NA,NA
"Buchare085",85,"Bucharest_Inoe","AERONET",NA,NA,NA,NA,44.348,26.03,93,NA,NA,NA,NA,NA,NA,NA
"Burjass086",86,"Burjassot","AERONET",NA,NA,NA,NA,39.508,-0.418,30,NA,NA,NA,NA,NA,NA,NA
"Burtons087",87,"Burtonsville","AERONET",NA,NA,NA,NA,39.094,-76.95,140,NA,17.3067035675049,"DEVELOPED_OPEN_SPACE",16.5133152008057,"DEVELOPED_OPEN_SPACE",16.2139568328857,"DEVELOPED_OPEN_SPACE"
"Bushlan088",88,"Bushland","AERONET",NA,NA,NA,NA,35.187,-102.094,1168,NA,0.260789722204208,"DEVELOPED_OPEN_SPACE",0.260789722204208,"DEVELOPED_OPEN_SPACE",0.260789722204208,"DEVELOPED_OPEN_SPACE"
"Cabauw089",89,"Cabauw","AERONET",NA,NA,NA,NA,51.971,4.927,-1,NA,NA,NA,NA,NA,NA,NA
"Cabo_da090",90,"Cabo_da_Roca","AERONET",NA,NA,NA,NA,38.783,-9.5,140,NA,NA,NA,NA,NA,NA,NA
"Cabo_Ra091",91,"Cabo_Raso","AERONET",NA,NA,NA,NA,38.709,-9.486,20,NA,NA,NA,NA,NA,NA,NA
"Caceres092",92,"Caceres","AERONET",NA,NA,NA,NA,39.479,-6.343,397,NA,NA,NA,NA,NA,NA,NA
"Cairo_E093",93,"Cairo_EMA","AERONET",NA,NA,NA,NA,30.081,31.29,70,NA,NA,NA,NA,NA,NA,NA
"Cairo_U094",94,"Cairo_University","AERONET",NA,NA,NA,NA,30.026,31.207,50,NA,NA,NA,NA,NA,NA,NA
"Calipso095",95,"Calipso_Ridgely","AERONET",NA,NA,NA,NA,38.949,-75.882,15,NA,12.495867729187,"DEVELOPED_OPEN_SPACE",12.3746557235718,"DEVELOPED_OPEN_SPACE",10.8282823562622,"DEVELOPED_OPEN_SPACE"
"Calipso096",96,"Calipso_West_Denton","AERONET",NA,NA,NA,NA,38.915,-75.894,15,NA,1.55188250541687,"DEVELOPED_OPEN_SPACE",1.55188250541687,"DEVELOPED_OPEN_SPACE",1.55188250541687,"DEVELOPED_OPEN_SPACE"
"Calipso097",97,"Calipso_Zion","AERONET",NA,NA,NA,NA,39.932,-76.199,120,NA,3.34527087211609,"DEVELOPED_OPEN_SPACE",3.34527087211609,"DEVELOPED_OPEN_SPACE",3.30119371414185,"DEVELOPED_OPEN_SPACE"
"CalTech098",98,"CalTech","AERONET",NA,NA,NA,NA,34.137,-118.126,260,NA,51.9843902587891,"DEVELOPED_MEDIUM_INTENSITY",51.0991744995117,"DEVELOPED_MEDIUM_INTENSITY",48.7887954711914,"DEVELOPED_LOW_INTENSITY"
"Camague099",99,"Camaguey","AERONET",NA,NA,NA,NA,21.422,-77.85,122,NA,NA,NA,NA,NA,NA,NA
"Campo_G100",100,"Campo_Grande","AERONET",NA,NA,NA,NA,-20.45,-54.617,500,NA,NA,NA,NA,NA,NA,NA
"Campo_G101",101,"Campo_Grande_SONDA","AERONET",NA,NA,NA,NA,-20.438,-54.538,677,NA,NA,NA,NA,NA,NA,NA
"Canberr102",102,"Canberra","AERONET",NA,NA,NA,NA,-35.271,149.111,600,NA,NA,NA,NA,NA,NA,NA
"CANDLE_103",103,"CANDLE_LAKE","AERONET",NA,NA,NA,NA,53.733,-105.267,503,NA,NA,NA,NA,NA,NA,NA
"Cape_Sa104",104,"Cape_San_Juan","AERONET",NA,NA,NA,NA,18.384,-65.62,15,NA,NA,NA,NA,NA,NA,NA
"Capo_Ve105",105,"Capo_Verde","AERONET",NA,NA,NA,NA,16.733,-22.935,60,NA,NA,NA,NA,NA,NA,NA
"Carlsba106",106,"Carlsbad","AERONET",NA,NA,NA,NA,32.369,-104.233,942,NA,8.11662101745605,"DEVELOPED_OPEN_SPACE",7.2681360244751,"DEVELOPED_OPEN_SPACE",7.18090009689331,"DEVELOPED_OPEN_SPACE"
"Carpent107",107,"Carpentras","AERONET",NA,NA,NA,NA,44.083,5.058,100,NA,NA,NA,NA,NA,NA,NA
"CARTEL108",108,"CARTEL","AERONET",NA,NA,NA,NA,45.379,-71.931,300,NA,NA,NA,NA,NA,NA,NA
"Cartel_109",109,"Cartel_X","AERONET",NA,NA,NA,NA,45.379,-71.931,300,NA,NA,NA,NA,NA,NA,NA
"Cart_Si110",110,"Cart_Site","AERONET",NA,NA,NA,NA,36.607,-97.486,318,NA,1.07805323600769,"DEVELOPED_OPEN_SPACE",1.07805323600769,"DEVELOPED_OPEN_SPACE",1.07805323600769,"DEVELOPED_OPEN_SPACE"
"CART_SI111",111,"CART_SITE","AERONET",NA,NA,NA,NA,36.607,-97.486,318,NA,1.07805323600769,"DEVELOPED_OPEN_SPACE",1.07805323600769,"DEVELOPED_OPEN_SPACE",1.07805323600769,"DEVELOPED_OPEN_SPACE"
"CASLEO112",112,"CASLEO","AERONET",NA,NA,NA,NA,-31.799,-69.306,2552,NA,NA,NA,NA,NA,NA,NA
"CCNY113",113,"CCNY","AERONET",NA,NA,NA,NA,40.821,-73.949,100,NA,82.4876022338867,"DEVELOPED_HIGH_INTENSITY",82.1478424072266,"DEVELOPED_HIGH_INTENSITY",81.405876159668,"DEVELOPED_HIGH_INTENSITY"
"CEILAP-114",114,"CEILAP-BA","AERONET",NA,NA,NA,NA,-34.567,-58.5,10,NA,NA,NA,NA,NA,NA,NA
"CEILAP-115",115,"CEILAP-RG","AERONET",NA,NA,NA,NA,-51.6,-69.32,15,NA,NA,NA,NA,NA,NA,NA
"CEILAP-116",116,"CEILAP-UTN","AERONET",NA,NA,NA,NA,-34.66,-58.469,27,NA,NA,NA,NA,NA,NA,NA
"Chao_Jo117",117,"Chao_Jou","AERONET",NA,NA,NA,NA,22.513,120.529,0,NA,NA,NA,NA,NA,NA,NA
"Chapais118",118,"Chapais","AERONET",NA,NA,NA,NA,49.822,-74.975,373,NA,NA,NA,NA,NA,NA,NA
"Chebogu119",119,"Chebogue_Point","AERONET",NA,NA,NA,NA,43.747,-66.123,0,NA,NA,NA,NA,NA,NA,NA
"Chen-Ku120",120,"Chen-Kung_Univ","AERONET",NA,NA,NA,NA,23,120.217,50,NA,NA,NA,NA,NA,NA,NA
"Chequam121",121,"Chequamegon","AERONET",NA,NA,NA,NA,45.933,-90.25,0,NA,0.0174471996724606,"DEVELOPED_OPEN_SPACE",0.0174471996724606,"DEVELOPED_OPEN_SPACE",0.0174471996724606,"DEVELOPED_OPEN_SPACE"
"Cherita122",122,"Cheritan","AERONET",NA,NA,NA,NA,37.289,-75.972,5,NA,10.1983470916748,"DEVELOPED_OPEN_SPACE",10.1175394058228,"DEVELOPED_OPEN_SPACE",10.0734615325928,"DEVELOPED_OPEN_SPACE"
"Chiang_123",123,"Chiang_Mai","AERONET",NA,NA,NA,NA,18.813,98.987,324,NA,NA,NA,NA,NA,NA,NA
"Chiang_124",124,"Chiang_Mai_Met_Sta","AERONET",NA,NA,NA,NA,18.771,98.972,312,NA,NA,NA,NA,NA,NA,NA
"Chiba_U125",125,"Chiba_University","AERONET",NA,NA,NA,NA,35.625,140.104,60,NA,NA,NA,NA,NA,NA,NA
"Chilbol126",126,"Chilbolton","AERONET",NA,NA,NA,NA,51.144,-1.437,88,NA,NA,NA,NA,NA,NA,NA
"China_L127",127,"China_Lake","AERONET",NA,NA,NA,NA,35.674,-117.745,800,NA,1.069788813591,"DEVELOPED_OPEN_SPACE",1.069788813591,"DEVELOPED_OPEN_SPACE",1.069788813591,"DEVELOPED_OPEN_SPACE"
"Chinhae128",128,"Chinhae","AERONET",NA,NA,NA,NA,35.156,128.652,69,NA,NA,NA,NA,NA,NA,NA
"Chulalo129",129,"Chulalongkorn","AERONET",NA,NA,NA,NA,13.736,100.53,115,NA,NA,NA,NA,NA,NA,NA
"Churchi130",130,"Churchill","AERONET",NA,NA,NA,NA,58.736,-93.818,10,NA,NA,NA,NA,NA,NA,NA
"City_GZ131",131,"City_GZ","AERONET",NA,NA,NA,NA,23.081,113.158,58,NA,NA,NA,NA,NA,NA,NA
"Clermon132",132,"Clermont_Ferrand","AERONET",NA,NA,NA,NA,45.76,2.962,1464,NA,NA,NA,NA,NA,NA,NA
"CLUJ_UB133",133,"CLUJ_UBB","AERONET",NA,NA,NA,NA,46.768,23.551,405,NA,NA,NA,NA,NA,NA,NA
"Coconut134",134,"Coconut_Island","AERONET",NA,NA,NA,NA,21.433,-157.79,0,NA,NA,NA,NA,NA,NA,NA
"Coleamb135",135,"Coleambally","AERONET",NA,NA,NA,NA,-34.81,146.064,127,NA,NA,NA,NA,NA,NA,NA
"Columbi136",136,"Columbia_SC","AERONET",NA,NA,NA,NA,34.023,-81.036,104,NA,41.4306716918945,"DEVELOPED_LOW_INTENSITY",41.3461875915527,"DEVELOPED_LOW_INTENSITY",40.8778686523438,"DEVELOPED_LOW_INTENSITY"
"Concepc137",137,"Concepcion","AERONET",NA,NA,NA,NA,-16.138,-62.028,500,NA,NA,NA,NA,NA,NA,NA
"Corcora138",138,"Corcoran","AERONET",NA,NA,NA,NA,36.103,-119.566,110,NA,50.751148223877,"DEVELOPED_MEDIUM_INTENSITY",48.7272720336914,"DEVELOPED_LOW_INTENSITY",48.2773170471191,"DEVELOPED_LOW_INTENSITY"
"Cordoba139",139,"Cordoba-CETT","AERONET",NA,NA,NA,NA,-31.524,-64.464,730,NA,NA,NA,NA,NA,NA,NA
"COVE140",140,"COVE","AERONET",NA,NA,NA,NA,36.9,-75.71,37,NA,NA,NA,NA,NA,NA,NA
"COVE_SE141",141,"COVE_SEAPRISM","AERONET",NA,NA,NA,NA,36.9,-75.71,24,NA,NA,NA,NA,NA,NA,NA
"Creteil142",142,"Creteil","AERONET",NA,NA,NA,NA,48.788,2.443,57,NA,NA,NA,NA,NA,NA,NA
"Crozet_143",143,"Crozet_Island","AERONET",NA,NA,NA,NA,-46.435,51.85,221,NA,NA,NA,NA,NA,NA,NA
"CRPSM_M144",144,"CRPSM_Malindi","AERONET",NA,NA,NA,NA,-2.996,40.194,12,NA,NA,NA,NA,NA,NA,NA
"CRYSTAL145",145,"CRYSTAL_FACE","AERONET",NA,NA,NA,NA,25.65,-80.422,5,NA,27.2763996124268,"DEVELOPED_LOW_INTENSITY",22.0128555297852,"DEVELOPED_LOW_INTENSITY",20.2194671630859,"DEVELOPED_LOW_INTENSITY"
"Cuiaba146",146,"Cuiaba","AERONET",NA,NA,NA,NA,-15.5,-56,250,NA,NA,NA,NA,NA,NA,NA
"CUIABA-147",147,"CUIABA-MIRANDA","AERONET",NA,NA,NA,NA,-15.729,-56.021,210,NA,NA,NA,NA,NA,NA,NA
"CUT-TEP148",148,"CUT-TEPAK","AERONET",NA,NA,NA,NA,34.675,33.043,22,NA,NA,NA,NA,NA,NA,NA
"Dahkla149",149,"Dahkla","AERONET",NA,NA,NA,NA,23.717,-15.95,12,NA,NA,NA,NA,NA,NA,NA
"Dakar150",150,"Dakar","AERONET",NA,NA,NA,NA,14.394,-16.959,0,NA,NA,NA,NA,NA,NA,NA
"Dalanza151",151,"Dalanzadgad","AERONET",NA,NA,NA,NA,43.577,104.419,1470,NA,NA,NA,NA,NA,NA,NA
"Dalma152",152,"Dalma","AERONET",NA,NA,NA,NA,24.502,52.332,0,NA,NA,NA,NA,NA,NA,NA
"Darwin153",153,"Darwin","AERONET",NA,NA,NA,NA,-12.424,130.892,29,NA,NA,NA,NA,NA,NA,NA
"Davos154",154,"Davos","AERONET",NA,NA,NA,NA,46.813,9.844,1596,NA,NA,NA,NA,NA,NA,NA
"Dayton155",155,"Dayton","AERONET",NA,NA,NA,NA,39.776,-84.11,243,NA,25.6868686676025,"DEVELOPED_LOW_INTENSITY",25.5344352722168,"DEVELOPED_LOW_INTENSITY",23.8365478515625,"DEVELOPED_LOW_INTENSITY"
"Dead_Se156",156,"Dead_Sea","AERONET",NA,NA,NA,NA,31.1,35.45,-410,NA,NA,NA,NA,NA,NA,NA
"Dhabi157",157,"Dhabi","AERONET",NA,NA,NA,NA,24.481,54.383,15,NA,NA,NA,NA,NA,NA,NA
"Dhadnah158",158,"Dhadnah","AERONET",NA,NA,NA,NA,25.513,56.325,81,NA,NA,NA,NA,NA,NA,NA
"Dharwar159",159,"Dharwar","AERONET",NA,NA,NA,NA,15.429,74.989,700,NA,NA,NA,NA,NA,NA,NA
"Djougou160",160,"Djougou","AERONET",NA,NA,NA,NA,9.76,1.599,400,NA,NA,NA,NA,NA,NA,NA
"DMN_Mai161",161,"DMN_Maine_Soroa","AERONET",NA,NA,NA,NA,13.217,12.023,350,NA,NA,NA,NA,NA,NA,NA
"Donetsk162",162,"Donetsk","AERONET",NA,NA,NA,NA,48.021,37.809,300,NA,NA,NA,NA,NA,NA,NA
"Dongsha163",163,"Dongsha_Island","AERONET",NA,NA,NA,NA,20.699,116.729,5,NA,NA,NA,NA,NA,NA,NA
"DRAGON_164",164,"DRAGON_ABERD","AERONET",NA,NA,NA,NA,39.515,-76.165,37,NA,21.3076210021973,"DEVELOPED_LOW_INTENSITY",20.6868686676025,"DEVELOPED_LOW_INTENSITY",17.522497177124,"DEVELOPED_OPEN_SPACE"
"DRAGON_165",165,"DRAGON_Aldino","AERONET",NA,NA,NA,NA,39.563,-76.204,127,NA,2.06795215606689,"DEVELOPED_OPEN_SPACE",2.06795215606689,"DEVELOPED_OPEN_SPACE",2.06795215606689,"DEVELOPED_OPEN_SPACE"
"DRAGON_166",166,"DRAGON_Anmyeon","AERONET",NA,NA,NA,NA,36.539,126.33,58,NA,NA,NA,NA,NA,NA,NA
"DRAGON_167",167,"DRAGON_ANNEA","AERONET",NA,NA,NA,NA,39.165,-76.625,30,NA,44.9761238098145,"DEVELOPED_LOW_INTENSITY",44.9237823486328,"DEVELOPED_LOW_INTENSITY",44.8494033813477,"DEVELOPED_LOW_INTENSITY"
"DRAGON_168",168,"DRAGON_ARNCC","AERONET",NA,NA,NA,NA,39.159,-76.721,50,NA,29.601469039917,"DEVELOPED_LOW_INTENSITY",27.3140487670898,"DEVELOPED_LOW_INTENSITY",24.5078048706055,"DEVELOPED_LOW_INTENSITY"
"DRAGON_169",169,"DRAGON_ARNLS","AERONET",NA,NA,NA,NA,39.058,-76.513,12,NA,20.1166210174561,"DEVELOPED_LOW_INTENSITY",20.0661163330078,"DEVELOPED_LOW_INTENSITY",20.0661163330078,"DEVELOPED_LOW_INTENSITY"
"DRAGON_170",170,"DRAGON_Arvin","AERONET",NA,NA,NA,NA,35.238,-118.788,158,NA,0.402203857898712,"DEVELOPED_OPEN_SPACE",0.402203857898712,"DEVELOPED_OPEN_SPACE",0.402203857898712,"DEVELOPED_OPEN_SPACE"
"DRAGON_171",171,"DRAGON_BATMR","AERONET",NA,NA,NA,NA,39.399,-76.476,65,NA,32.5234146118164,"DEVELOPED_LOW_INTENSITY",32.4453620910645,"DEVELOPED_LOW_INTENSITY",32.1680450439453,"DEVELOPED_LOW_INTENSITY"
"DRAGON_172",172,"DRAGON_BelAir","AERONET",NA,NA,NA,NA,39.5,-76.263,52,NA,4.16437101364136,"DEVELOPED_OPEN_SPACE",2.89623498916626,"DEVELOPED_OPEN_SPACE",2.8016529083252,"DEVELOPED_OPEN_SPACE"
"DRAGON_173",173,"DRAGON_Beltsville","AERONET",NA,NA,NA,NA,39.054,-76.877,53,NA,3.643709897995,"DEVELOPED_OPEN_SPACE",3.643709897995,"DEVELOPED_OPEN_SPACE",3.643709897995,"DEVELOPED_OPEN_SPACE"
"DRAGON_174",174,"DRAGON_BLDND","AERONET",NA,NA,NA,NA,39.258,-76.52,11,NA,47.7144165039062,"DEVELOPED_LOW_INTENSITY",47.5977973937988,"DEVELOPED_LOW_INTENSITY",47.5215797424316,"DEVELOPED_LOW_INTENSITY"
"DRAGON_175",175,"DRAGON_BLLRT","AERONET",NA,NA,NA,NA,39.389,-76.578,127,NA,23.6997241973877,"DEVELOPED_LOW_INTENSITY",23.4471988677979,"DEVELOPED_LOW_INTENSITY",23.3112945556641,"DEVELOPED_LOW_INTENSITY"
"DRAGON_176",176,"DRAGON_BLTCC","AERONET",NA,NA,NA,NA,39.362,-76.688,120,NA,31.539945602417,"DEVELOPED_LOW_INTENSITY",31.4536266326904,"DEVELOPED_LOW_INTENSITY",30.8549137115479,"DEVELOPED_LOW_INTENSITY"
"DRAGON_177",177,"DRAGON_BLTIM","AERONET",NA,NA,NA,NA,39.263,-76.651,17,NA,45.7327842712402,"DEVELOPED_LOW_INTENSITY",45.1652908325195,"DEVELOPED_LOW_INTENSITY",44.5537185668945,"DEVELOPED_LOW_INTENSITY"
"DRAGON_178",178,"DRAGON_BLTNR","AERONET",NA,NA,NA,NA,39.216,-76.619,50,NA,44.6069793701172,"DEVELOPED_LOW_INTENSITY",44.5684127807617,"DEVELOPED_LOW_INTENSITY",44.4462814331055,"DEVELOPED_LOW_INTENSITY"
"DRAGON_179",179,"DRAGON_Bokjeong","AERONET",NA,NA,NA,NA,37.457,127.131,61,NA,NA,NA,NA,NA,NA,NA
"DRAGON_180",180,"DRAGON_BOWEM","AERONET",NA,NA,NA,NA,38.975,-76.751,40,NA,27.5528011322021,"DEVELOPED_LOW_INTENSITY",25.9926528930664,"DEVELOPED_LOW_INTENSITY",23.5252532958984,"DEVELOPED_LOW_INTENSITY"
"DRAGON_181",181,"DRAGON_BTMDL","AERONET",NA,NA,NA,NA,39.239,-76.442,5,NA,29.2635440826416,"DEVELOPED_LOW_INTENSITY",29.0532608032227,"DEVELOPED_LOW_INTENSITY",28.7043151855469,"DEVELOPED_LOW_INTENSITY"
"DRAGON_182",182,"DRAGON_CHASE","AERONET",NA,NA,NA,NA,38.979,-77.08,120,NA,14.1524333953857,"DEVELOPED_OPEN_SPACE",14.0752983093262,"DEVELOPED_OPEN_SPACE",13.9540863037109,"DEVELOPED_OPEN_SPACE"
"DRAGON_183",183,"DRAGON_CLLGP","AERONET",NA,NA,NA,NA,38.991,-76.909,65,NA,45.812671661377,"DEVELOPED_LOW_INTENSITY",45.7759399414062,"DEVELOPED_LOW_INTENSITY",45.6611557006836,"DEVELOPED_LOW_INTENSITY"
"DRAGON_184",184,"DRAGON_Clovis","AERONET",NA,NA,NA,NA,36.819,-119.716,90,NA,63.1680450439453,"DEVELOPED_MEDIUM_INTENSITY",61.4453620910645,"DEVELOPED_MEDIUM_INTENSITY",56.4573020935059,"DEVELOPED_MEDIUM_INTENSITY"
"DRAGON_185",185,"DRAGON_CLRST","AERONET",NA,NA,NA,NA,39.205,-76.944,140,NA,0.32782369852066,"DEVELOPED_OPEN_SPACE",0.30853995680809,"DEVELOPED_OPEN_SPACE",0.30853995680809,"DEVELOPED_OPEN_SPACE"
"DRAGON_186",186,"DRAGON_Corcoran","AERONET",NA,NA,NA,NA,36.102,-119.566,25,NA,50.751148223877,"DEVELOPED_MEDIUM_INTENSITY",48.7272720336914,"DEVELOPED_LOW_INTENSITY",48.2773170471191,"DEVELOPED_LOW_INTENSITY"
"DRAGON_187",187,"DRAGON_CPSDN","AERONET",NA,NA,NA,NA,39.111,-76.463,24,NA,7.86409568786621,"DEVELOPED_OPEN_SPACE",7.70156097412109,"DEVELOPED_OPEN_SPACE",7.56198358535767,"DEVELOPED_OPEN_SPACE"
"DRAGON_188",188,"DRAGON_CTNVL","AERONET",NA,NA,NA,NA,39.276,-76.772,133,NA,12.7355375289917,"DEVELOPED_OPEN_SPACE",12.2332410812378,"DEVELOPED_OPEN_SPACE",12.1340675354004,"DEVELOPED_OPEN_SPACE"
"DRAGON_189",189,"DRAGON_Drummond","AERONET",NA,NA,NA,NA,36.706,-119.741,90,NA,63.4150581359863,"DEVELOPED_MEDIUM_INTENSITY",62.5895309448242,"DEVELOPED_MEDIUM_INTENSITY",61.7392120361328,"DEVELOPED_MEDIUM_INTENSITY"
"DRAGON_190",190,"DRAGON_EaglePoint","AERONET",NA,NA,NA,NA,39.398,-76.27,4,NA,10.566575050354,"DEVELOPED_OPEN_SPACE",10.566575050354,"DEVELOPED_OPEN_SPACE",10.1845731735229,"DEVELOPED_OPEN_SPACE"
"DRAGON_191",191,"DRAGON_EDCMS","AERONET",NA,NA,NA,NA,38.922,-76.56,13,NA,13.9843893051147,"DEVELOPED_OPEN_SPACE",13.1726350784302,"DEVELOPED_OPEN_SPACE",9.05693340301514,"DEVELOPED_OPEN_SPACE"
"DRAGON_192",192,"DRAGON_Edgewood","AERONET",NA,NA,NA,NA,39.41,-76.296,8,NA,12.3893480300903,"DEVELOPED_OPEN_SPACE",12.1551885604858,"DEVELOPED_OPEN_SPACE",12.1551885604858,"DEVELOPED_OPEN_SPACE"
"DRAGON_193",193,"DRAGON_ELLCT","AERONET",NA,NA,NA,NA,39.266,-76.862,128,NA,22.6997241973877,"DEVELOPED_LOW_INTENSITY",22.4876041412354,"DEVELOPED_LOW_INTENSITY",21.2249774932861,"DEVELOPED_LOW_INTENSITY"
"DRAGON_194",194,"DRAGON_Essex","AERONET",NA,NA,NA,NA,39.311,-76.474,12,NA,41.8365478515625,"DEVELOPED_LOW_INTENSITY",41.6951332092285,"DEVELOPED_LOW_INTENSITY",41.6180000305176,"DEVELOPED_LOW_INTENSITY"
"DRAGON_195",195,"DRAGON_FairHill","AERONET",NA,NA,NA,NA,39.701,-75.86,117,NA,3.55739212036133,"DEVELOPED_OPEN_SPACE",3.25252532958984,"DEVELOPED_OPEN_SPACE",3.13957762718201,"DEVELOPED_OPEN_SPACE"
"DRAGON_196",196,"DRAGON_FLLST","AERONET",NA,NA,NA,NA,39.522,-76.413,151,NA,9.99081707000732,"DEVELOPED_OPEN_SPACE",9.94765853881836,"DEVELOPED_OPEN_SPACE",9.77869606018066,"DEVELOPED_OPEN_SPACE"
"DRAGON_197",197,"DRAGON_Fukue_2","AERONET",NA,NA,NA,NA,32.672,128.817,50,NA,NA,NA,NA,NA,NA,NA
"DRAGON_198",198,"DRAGON_Fukue_3","AERONET",NA,NA,NA,NA,32.6,128.745,10,NA,NA,NA,NA,NA,NA,NA
"DRAGON_199",199,"DRAGON_Fukuoka","AERONET",NA,NA,NA,NA,33.524,130.475,30,NA,NA,NA,NA,NA,NA,NA
"DRAGON_200",200,"DRAGON_Garland","AERONET",NA,NA,NA,NA,36.785,-119.773,100,NA,52.6932983398438,"DEVELOPED_MEDIUM_INTENSITY",52.4940299987793,"DEVELOPED_MEDIUM_INTENSITY",52.1349868774414,"DEVELOPED_MEDIUM_INTENSITY"
"DRAGON_201",201,"DRAGON_Guwol","AERONET",NA,NA,NA,NA,37.45,126.724,38,NA,NA,NA,NA,NA,NA,NA
"DRAGON_202",202,"DRAGON_Gwangju_GIST","AERONET",NA,NA,NA,NA,35.228,126.843,52,NA,NA,NA,NA,NA,NA,NA
"DRAGON_203",203,"DRAGON_Hanford","AERONET",NA,NA,NA,NA,36.316,-119.643,50,NA,10.2405872344971,"DEVELOPED_OPEN_SPACE",10.2405872344971,"DEVELOPED_OPEN_SPACE",10.1588611602783,"DEVELOPED_OPEN_SPACE"
"DRAGON_204",204,"DRAGON_Huron","AERONET",NA,NA,NA,NA,36.206,-120.105,113,NA,0.660238742828369,"DEVELOPED_OPEN_SPACE",0.660238742828369,"DEVELOPED_OPEN_SPACE",0.660238742828369,"DEVELOPED_OPEN_SPACE"
"DRAGON_205",205,"DRAGON_Jalan_ChainF","AERONET",NA,NA,NA,NA,5.401,100.381,8,NA,NA,NA,NA,NA,NA,NA
"DRAGON_206",206,"DRAGON_KampungBharu","AERONET",NA,NA,NA,NA,5.342,100.463,10,NA,NA,NA,NA,NA,NA,NA
"DRAGON_207",207,"DRAGON_KentIsland","AERONET",NA,NA,NA,NA,38.979,-76.308,4,NA,21.4719924926758,"DEVELOPED_LOW_INTENSITY",20.8640956878662,"DEVELOPED_LOW_INTENSITY",14.2975206375122,"DEVELOPED_OPEN_SPACE"
"DRAGON_208",208,"DRAGON_Kobe","AERONET",NA,NA,NA,NA,34.72,135.291,20,NA,NA,NA,NA,NA,NA,NA
"DRAGON_209",209,"DRAGON_Kohriyama","AERONET",NA,NA,NA,NA,37.361,140.383,230,NA,NA,NA,NA,NA,NA,NA
"DRAGON_210",210,"DRAGON_Kongju_NU","AERONET",NA,NA,NA,NA,36.471,127.14,73,NA,NA,NA,NA,NA,NA,NA
"DRAGON_211",211,"DRAGON_Konkuk_Univ","AERONET",NA,NA,NA,NA,37.542,127.08,40,NA,NA,NA,NA,NA,NA,NA
"DRAGON_212",212,"DRAGON_Kunsan_NU","AERONET",NA,NA,NA,NA,35.941,126.683,32,NA,NA,NA,NA,NA,NA,NA
"DRAGON_213",213,"DRAGON_Kyoto","AERONET",NA,NA,NA,NA,35.026,135.781,60,NA,NA,NA,NA,NA,NA,NA
"DRAGON_214",214,"DRAGON_Kyungil_Univ","AERONET",NA,NA,NA,NA,36.072,128.824,122,NA,NA,NA,NA,NA,NA,NA
"DRAGON_215",215,"DRAGON_LAREL","AERONET",NA,NA,NA,NA,39.081,-76.855,65,NA,30.7860431671143,"DEVELOPED_LOW_INTENSITY",29.1276397705078,"DEVELOPED_LOW_INTENSITY",29.0909099578857,"DEVELOPED_LOW_INTENSITY"
"DRAGON_216",216,"DRAGON_LAUMD","AERONET",NA,NA,NA,NA,39.143,-76.859,112,NA,16.6593208312988,"DEVELOPED_OPEN_SPACE",12.8999080657959,"DEVELOPED_OPEN_SPACE",8.96969699859619,"DEVELOPED_OPEN_SPACE"
"DRAGON_217",217,"DRAGON_Madera_City","AERONET",NA,NA,NA,NA,36.953,-120.034,78,NA,5.93572092056274,"DEVELOPED_OPEN_SPACE",5.76767683029175,"DEVELOPED_OPEN_SPACE",5.76767683029175,"DEVELOPED_OPEN_SPACE"
"DRAGON_218",218,"DRAGON_Matsue","AERONET",NA,NA,NA,NA,35.48,133.01,10,NA,NA,NA,NA,NA,NA,NA
"DRAGON_219",219,"DRAGON_MNKTN","AERONET",NA,NA,NA,NA,39.573,-76.652,182,NA,1.91643714904785,"DEVELOPED_OPEN_SPACE",1.91643714904785,"DEVELOPED_OPEN_SPACE",1.91643714904785,"DEVELOPED_OPEN_SPACE"
"DRAGON_220",220,"DRAGON_Mokpo_NU","AERONET",NA,NA,NA,NA,34.913,126.437,26,NA,NA,NA,NA,NA,NA,NA
"DRAGON_221",221,"DRAGON_Nara","AERONET",NA,NA,NA,NA,34.688,135.828,80,NA,NA,NA,NA,NA,NA,NA
"DRAGON_222",222,"DRAGON_NIER","AERONET",NA,NA,NA,NA,37.569,126.64,26,NA,NA,NA,NA,NA,NA,NA
"DRAGON_223",223,"DRAGON_Nishiharima","AERONET",NA,NA,NA,NA,35.026,134.336,420,NA,NA,NA,NA,NA,NA,NA
"DRAGON_224",224,"DRAGON_OLNES","AERONET",NA,NA,NA,NA,39.149,-77.068,180,NA,37.5270881652832,"DEVELOPED_LOW_INTENSITY",37.486686706543,"DEVELOPED_LOW_INTENSITY",37.203857421875,"DEVELOPED_LOW_INTENSITY"
"DRAGON_225",225,"DRAGON_ONNGS","AERONET",NA,NA,NA,NA,39.388,-76.819,177,NA,20.0661163330078,"DEVELOPED_LOW_INTENSITY",19.983470916748,"DEVELOPED_OPEN_SPACE",19.8916435241699,"DEVELOPED_OPEN_SPACE"
"DRAGON_226",226,"DRAGON_Osaka-North","AERONET",NA,NA,NA,NA,34.774,135.51,50,NA,NA,NA,NA,NA,NA,NA
"DRAGON_227",227,"DRAGON_Osaka-South","AERONET",NA,NA,NA,NA,34.544,135.504,30,NA,NA,NA,NA,NA,NA,NA
"DRAGON_228",228,"DRAGON_Padonia","AERONET",NA,NA,NA,NA,39.462,-76.632,120,NA,17.2837467193604,"DEVELOPED_OPEN_SPACE",17.1652889251709,"DEVELOPED_OPEN_SPACE",17.0449962615967,"DEVELOPED_OPEN_SPACE"
"DRAGON_229",229,"DRAGON_Pandan_Resrv","AERONET",NA,NA,NA,NA,1.319,103.742,2,NA,NA,NA,NA,NA,NA,NA
"DRAGON_230",230,"DRAGON_Pasadena","AERONET",NA,NA,NA,NA,39.112,-76.455,17,NA,12.8448114395142,"DEVELOPED_OPEN_SPACE",12.6446285247803,"DEVELOPED_OPEN_SPACE",11.8907251358032,"DEVELOPED_OPEN_SPACE"
"DRAGON_231",231,"DRAGON_PATUX","AERONET",NA,NA,NA,NA,38.827,-76.709,26,NA,6.59412288665771,"DEVELOPED_OPEN_SPACE",6.59412288665771,"DEVELOPED_OPEN_SPACE",6.47199249267578,"DEVELOPED_OPEN_SPACE"
"DRAGON_232",232,"DRAGON_PayaTerubong","AERONET",NA,NA,NA,NA,5.376,100.276,30,NA,NA,NA,NA,NA,NA,NA
"DRAGON_233",233,"DRAGON_Permatang_DL","AERONET",NA,NA,NA,NA,5.278,100.271,13,NA,NA,NA,NA,NA,NA,NA
"DRAGON_234",234,"DRAGON_PineyOrchard","AERONET",NA,NA,NA,NA,39.061,-76.719,59,NA,40.467399597168,"DEVELOPED_LOW_INTENSITY",40.0982551574707,"DEVELOPED_LOW_INTENSITY",38.017448425293,"DEVELOPED_LOW_INTENSITY"
"DRAGON_235",235,"DRAGON_Porterville","AERONET",NA,NA,NA,NA,36.032,-119.055,136,NA,18.1570243835449,"DEVELOPED_OPEN_SPACE",17.3682270050049,"DEVELOPED_OPEN_SPACE",16.9577598571777,"DEVELOPED_OPEN_SPACE"
"DRAGON_236",236,"DRAGON_Pusan_NU","AERONET",NA,NA,NA,NA,35.235,129.083,71,NA,NA,NA,NA,NA,NA,NA
"DRAGON_237",237,"DRAGON_Pylesville","AERONET",NA,NA,NA,NA,39.675,-76.405,158,NA,5.10284662246704,"DEVELOPED_OPEN_SPACE",5.10284662246704,"DEVELOPED_OPEN_SPACE",4.91092729568481,"DEVELOPED_OPEN_SPACE"
"DRAGON_238",238,"DRAGON_RCKMD","AERONET",NA,NA,NA,NA,39.066,-77.096,100,NA,16.5151519775391,"DEVELOPED_OPEN_SPACE",16.5151519775391,"DEVELOPED_OPEN_SPACE",16.5151519775391,"DEVELOPED_OPEN_SPACE"
"DRAGON_239",239,"DRAGON_Sanggye","AERONET",NA,NA,NA,NA,37.659,127.068,35,NA,NA,NA,NA,NA,NA,NA
"DRAGON_240",240,"DRAGON_Shafter","AERONET",NA,NA,NA,NA,35.504,-119.272,86,NA,55.8852157592773,"DEVELOPED_MEDIUM_INTENSITY",54.0220375061035,"DEVELOPED_MEDIUM_INTENSITY",53.7529830932617,"DEVELOPED_MEDIUM_INTENSITY"
"DRAGON_241",241,"DRAGON_Sinjeong","AERONET",NA,NA,NA,NA,37.523,126.859,27,NA,NA,NA,NA,NA,NA,NA
"DRAGON_242",242,"DRAGON_Soha","AERONET",NA,NA,NA,NA,37.452,126.885,48,NA,NA,NA,NA,NA,NA,NA
"DRAGON_243",243,"DRAGON_SPBRK","AERONET",NA,NA,NA,NA,39.058,-77.006,110,NA,8.0964183807373,"DEVELOPED_OPEN_SPACE",8.0964183807373,"DEVELOPED_OPEN_SPACE",8.0964183807373,"DEVELOPED_OPEN_SPACE"
"DRAGON_244",244,"DRAGON_St_Johns_Is","AERONET",NA,NA,NA,NA,1.218,103.85,15,NA,NA,NA,NA,NA,NA,NA
"DRAGON_245",245,"DRAGON_Temasek_Poly","AERONET",NA,NA,NA,NA,1.345,103.931,10,NA,NA,NA,NA,NA,NA,NA
"DRAGON_246",246,"DRAGON_TKMPR","AERONET",NA,NA,NA,NA,38.995,-76.997,90,NA,39.9430656433105,"DEVELOPED_LOW_INTENSITY",39.8099174499512,"DEVELOPED_LOW_INTENSITY",39.6427917480469,"DEVELOPED_LOW_INTENSITY"
"DRAGON_247",247,"DRAGON_Tranquility","AERONET",NA,NA,NA,NA,36.634,-120.382,43,NA,2.94582176208496,"DEVELOPED_OPEN_SPACE",2.94582176208496,"DEVELOPED_OPEN_SPACE",2.88980722427368,"DEVELOPED_OPEN_SPACE"
"DRAGON_248",248,"DRAGON_Tsukuba","AERONET",NA,NA,NA,NA,36.051,140.12,30,NA,NA,NA,NA,NA,NA,NA
"DRAGON_249",249,"DRAGON_UiTM","AERONET",NA,NA,NA,NA,5.383,100.416,7,NA,NA,NA,NA,NA,NA,NA
"DRAGON_250",250,"DRAGON_UMRLB","AERONET",NA,NA,NA,NA,38.891,-76.814,44,NA,46.8723602294922,"DEVELOPED_LOW_INTENSITY",46.7134971618652,"DEVELOPED_LOW_INTENSITY",46.4453620910645,"DEVELOPED_LOW_INTENSITY"
"DRAGON_251",251,"DRAGON_WileyFord","AERONET",NA,NA,NA,NA,39.61,-78.774,217,NA,9.76124858856201,"DEVELOPED_OPEN_SPACE",9.42607879638672,"DEVELOPED_OPEN_SPACE",8.34894371032715,"DEVELOPED_OPEN_SPACE"
"DRAGON_252",252,"DRAGON_Worton","AERONET",NA,NA,NA,NA,39.285,-76.092,24,NA,4.265380859375,"DEVELOPED_OPEN_SPACE",2.11662077903748,"DEVELOPED_OPEN_SPACE",2.11662077903748,"DEVELOPED_OPEN_SPACE"
"DRAGON_253",253,"DRAGON_WSTFD","AERONET",NA,NA,NA,NA,39.302,-76.946,173,NA,3.18457293510437,"DEVELOPED_OPEN_SPACE",3.18457293510437,"DEVELOPED_OPEN_SPACE",3.18457293510437,"DEVELOPED_OPEN_SPACE"
"DRAGON_254",254,"DRAGON_Yishun_ITE","AERONET",NA,NA,NA,NA,1.435,103.845,2,NA,NA,NA,NA,NA,NA,NA
"Dry_Tor255",255,"Dry_Tortugas","AERONET",NA,NA,NA,NA,24.628,-82.872,0,NA,0,"NO_DEVELOPMENT",0,"NO_DEVELOPMENT",0,"NO_DEVELOPMENT"
"Dunedin256",256,"Dunedin","AERONET",NA,NA,NA,NA,-45.864,170.514,43,NA,NA,NA,NA,NA,NA,NA
"Dunhuan257",257,"Dunhuang","AERONET",NA,NA,NA,NA,40.038,94.794,1300,NA,NA,NA,NA,NA,NA,NA
"Dunkerq258",258,"Dunkerque","AERONET",NA,NA,NA,NA,51.035,2.368,0,NA,NA,NA,NA,NA,NA,NA
"Dushanb259",259,"Dushanbe","AERONET",NA,NA,NA,NA,38.553,68.858,821,NA,NA,NA,NA,NA,NA,NA
"Easton_260",260,"Easton_Airport","AERONET",NA,NA,NA,NA,38.807,-76.073,15,NA,29.2167129516602,"DEVELOPED_LOW_INTENSITY",27.4646472930908,"DEVELOPED_LOW_INTENSITY",25.2268142700195,"DEVELOPED_LOW_INTENSITY"
"Eforie261",261,"Eforie","AERONET",NA,NA,NA,NA,44.075,28.632,40,NA,NA,NA,NA,NA,NA,NA
"Egbert262",262,"Egbert","AERONET",NA,NA,NA,NA,44.226,-79.75,264,NA,NA,NA,NA,NA,NA,NA
"Egbert_263",263,"Egbert_X","AERONET",NA,NA,NA,NA,44.226,-79.75,264,NA,NA,NA,NA,NA,NA,NA
"Eilat264",264,"Eilat","AERONET",NA,NA,NA,NA,29.503,34.917,15,NA,NA,NA,NA,NA,NA,NA
"EIM-Sin265",265,"EIM-Sindos","AERONET",NA,NA,NA,NA,40.69,22.8,12,NA,NA,NA,NA,NA,NA,NA
"Elandsf266",266,"Elandsfontein","AERONET",NA,NA,NA,NA,-26.245,29.418,1740,NA,NA,NA,NA,NA,NA,NA
"El_Aren267",267,"El_Arenosillo","AERONET",NA,NA,NA,NA,37.105,-6.733,0,NA,NA,NA,NA,NA,NA,NA
"El_Refu268",268,"El_Refugio","AERONET",NA,NA,NA,NA,-14.766,-62.035,225,NA,NA,NA,NA,NA,NA,NA
"El_Segu269",269,"El_Segundo","AERONET",NA,NA,NA,NA,33.913,-118.382,25,NA,74.0101013183594,"DEVELOPED_MEDIUM_INTENSITY",73.5243377685547,"DEVELOPED_MEDIUM_INTENSITY",73.4471969604492,"DEVELOPED_MEDIUM_INTENSITY"
"EOPACE1270",270,"EOPACE1","AERONET",NA,NA,NA,NA,36.182,-75.751,0,NA,1.41230487823486,"DEVELOPED_OPEN_SPACE",1.37006425857544,"DEVELOPED_OPEN_SPACE",1.32415056228638,"DEVELOPED_OPEN_SPACE"
"EOPACE2271",271,"EOPACE2","AERONET",NA,NA,NA,NA,36.184,-75.745,0,NA,0,"NO_DEVELOPMENT",0,"NO_DEVELOPMENT",0,"NO_DEVELOPMENT"
"EPA-NCU272",272,"EPA-NCU","AERONET",NA,NA,NA,NA,24.968,121.185,144,NA,NA,NA,NA,NA,NA,NA
"Epanomi273",273,"Epanomi","AERONET",NA,NA,NA,NA,40.375,22.978,20,NA,NA,NA,NA,NA,NA,NA
"Ersa274",274,"Ersa","AERONET",NA,NA,NA,NA,43.004,9.359,80,NA,NA,NA,NA,NA,NA,NA
"ETNA275",275,"ETNA","AERONET",NA,NA,NA,NA,37.614,15.019,736,NA,NA,NA,NA,NA,NA,NA
"Etosha_276",276,"Etosha_Pan","AERONET",NA,NA,NA,NA,-19.175,15.914,1131,NA,NA,NA,NA,NA,NA,NA
"EVK2-CN277",277,"EVK2-CNR","AERONET",NA,NA,NA,NA,27.959,86.813,5050,NA,NA,NA,NA,NA,NA,NA
"Evora278",278,"Evora","AERONET",NA,NA,NA,NA,38.568,-7.912,293,NA,NA,NA,NA,NA,NA,NA
"Farming279",279,"Farmington_RSVP","AERONET",NA,NA,NA,NA,36.797,-108.48,1641,NA,0.254361808300018,"DEVELOPED_OPEN_SPACE",0.254361808300018,"DEVELOPED_OPEN_SPACE",0.254361808300018,"DEVELOPED_OPEN_SPACE"
"FLIN_FL280",280,"FLIN_FLON","AERONET",NA,NA,NA,NA,54.67,-101.69,305,NA,NA,NA,NA,NA,NA,NA
"Fontain281",281,"Fontainebleau","AERONET",NA,NA,NA,NA,48.407,2.68,85,NA,NA,NA,NA,NA,NA,NA
"FORTH_C282",282,"FORTH_CRETE","AERONET",NA,NA,NA,NA,35.333,25.282,20,NA,NA,NA,NA,NA,NA,NA
"Fort_Mc283",283,"Fort_McMurray","AERONET",NA,NA,NA,NA,56.752,-111.476,360,NA,NA,NA,NA,NA,NA,NA
"Frenchm284",284,"Frenchman_Flat","AERONET",NA,NA,NA,NA,36.809,-115.935,940,NA,0,"NO_DEVELOPMENT",0,"NO_DEVELOPMENT",0,"NO_DEVELOPMENT"
"Fresno_285",285,"Fresno_2","AERONET",NA,NA,NA,NA,36.785,-119.773,100,NA,52.6932983398438,"DEVELOPED_MEDIUM_INTENSITY",52.4940299987793,"DEVELOPED_MEDIUM_INTENSITY",52.1349868774414,"DEVELOPED_MEDIUM_INTENSITY"
"Fresno286",286,"Fresno","AERONET",NA,NA,NA,NA,36.782,-119.773,0,NA,65.0284652709961,"DEVELOPED_MEDIUM_INTENSITY",64.7557373046875,"DEVELOPED_MEDIUM_INTENSITY",64.3204803466797,"DEVELOPED_MEDIUM_INTENSITY"
"Fresno_287",287,"Fresno_X","AERONET",NA,NA,NA,NA,36.782,-119.773,0,NA,65.0284652709961,"DEVELOPED_MEDIUM_INTENSITY",64.7557373046875,"DEVELOPED_MEDIUM_INTENSITY",64.3204803466797,"DEVELOPED_MEDIUM_INTENSITY"
"Frioul288",288,"Frioul","AERONET",NA,NA,NA,NA,43.266,5.293,40,NA,NA,NA,NA,NA,NA,NA
"Gageoch289",289,"Gageocho_Station","AERONET",NA,NA,NA,NA,33.942,124.593,26,NA,NA,NA,NA,NA,NA,NA
"Gainesv290",290,"Gainesville_Airport","AERONET",NA,NA,NA,NA,29.696,-82.261,37,NA,13.8108358383179,"DEVELOPED_OPEN_SPACE",12.9054174423218,"DEVELOPED_OPEN_SPACE",10.8475666046143,"DEVELOPED_OPEN_SPACE"
"Gaither291",291,"Gaithersburg","AERONET",NA,NA,NA,NA,39.133,-77.208,50,NA,30.5730018615723,"DEVELOPED_LOW_INTENSITY",30.5730018615723,"DEVELOPED_LOW_INTENSITY",30.3654727935791,"DEVELOPED_LOW_INTENSITY"
"Gandhi_292",292,"Gandhi_College","AERONET",NA,NA,NA,NA,25.871,84.128,60,NA,NA,NA,NA,NA,NA,NA
"Georgia293",293,"Georgia_Tech","AERONET",NA,NA,NA,NA,33.78,-84.4,294,NA,76.5215759277344,"DEVELOPED_MEDIUM_INTENSITY",76.3039474487305,"DEVELOPED_MEDIUM_INTENSITY",75.1588592529297,"DEVELOPED_MEDIUM_INTENSITY"
"Gerlitz294",294,"Gerlitzen","AERONET",NA,NA,NA,NA,46.678,13.907,1900,NA,NA,NA,NA,NA,NA,NA
"GISS295",295,"GISS","AERONET",NA,NA,NA,NA,40.798,-73.96,50,NA,73.0459136962891,"DEVELOPED_MEDIUM_INTENSITY",72.46923828125,"DEVELOPED_MEDIUM_INTENSITY",71.794303894043,"DEVELOPED_MEDIUM_INTENSITY"
"Gloria296",296,"Gloria","AERONET",NA,NA,NA,NA,44.6,29.36,30,NA,NA,NA,NA,NA,NA,NA
"GOA_IND297",297,"GOA_INDIA","AERONET",NA,NA,NA,NA,15.453,73.806,20,NA,NA,NA,NA,NA,NA,NA
"Goldsto298",298,"Goldstone","AERONET",NA,NA,NA,NA,35.233,-116.792,1100,NA,0.237832874059677,"DEVELOPED_OPEN_SPACE",0.237832874059677,"DEVELOPED_OPEN_SPACE",0.237832874059677,"DEVELOPED_OPEN_SPACE"
"Gosan_S299",299,"Gosan_SNU","AERONET",NA,NA,NA,NA,33.292,126.162,72,NA,NA,NA,NA,NA,NA,NA
"Gotland300",300,"Gotland","AERONET",NA,NA,NA,NA,57.917,18.95,10,NA,NA,NA,NA,NA,NA,NA
"Gracios301",301,"Graciosa","AERONET",NA,NA,NA,NA,39.091,-28.03,15,NA,NA,NA,NA,NA,NA,NA
"Granada302",302,"Granada","AERONET",NA,NA,NA,NA,37.164,-3.605,680,NA,NA,NA,NA,NA,NA,NA
"GSFC303",303,"GSFC","AERONET",NA,NA,NA,NA,38.992,-76.84,87,NA,35.8833808898926,"DEVELOPED_LOW_INTENSITY",32.8916435241699,"DEVELOPED_LOW_INTENSITY",32.4582176208496,"DEVELOPED_LOW_INTENSITY"
"Guadelo304",304,"Guadeloup","AERONET",NA,NA,NA,NA,16.333,-61.5,0,NA,NA,NA,NA,NA,NA,NA
"Gual_Pa305",305,"Gual_Pahari","AERONET",NA,NA,NA,NA,28.426,77.15,384,NA,NA,NA,NA,NA,NA,NA
"Guam306",306,"Guam","AERONET",NA,NA,NA,NA,13.431,144.801,62,NA,NA,NA,NA,NA,NA,NA
"Gustav_307",307,"Gustav_Dalen_Tower","AERONET",NA,NA,NA,NA,58.594,17.467,25,NA,NA,NA,NA,NA,NA,NA
"Gwangju308",308,"Gwangju_GIST","AERONET",NA,NA,NA,NA,35.228,126.843,52,NA,NA,NA,NA,NA,NA,NA
"Hagerst309",309,"Hagerstown","AERONET",NA,NA,NA,NA,39.708,-77.725,200,NA,37.9816360473633,"DEVELOPED_LOW_INTENSITY",36.8337936401367,"DEVELOPED_LOW_INTENSITY",35.858585357666,"DEVELOPED_LOW_INTENSITY"
"Halifax310",310,"Halifax","AERONET",NA,NA,NA,NA,44.638,-63.594,65,NA,NA,NA,NA,NA,NA,NA
"Hamburg311",311,"Hamburg","AERONET",NA,NA,NA,NA,53.568,9.973,105,NA,NA,NA,NA,NA,NA,NA
"Hamim312",312,"Hamim","AERONET",NA,NA,NA,NA,22.967,54.3,209,NA,NA,NA,NA,NA,NA,NA
"Hampton313",313,"Hampton_Roads","AERONET",NA,NA,NA,NA,36.783,-76.45,10,NA,1.17906332015991,"DEVELOPED_OPEN_SPACE",1.17906332015991,"DEVELOPED_OPEN_SPACE",1.17906332015991,"DEVELOPED_OPEN_SPACE"
"Hangzho314",314,"Hangzhou-ZFU","AERONET",NA,NA,NA,NA,30.257,119.727,14,NA,NA,NA,NA,NA,NA,NA
"Harvard315",315,"Harvard_Forest","AERONET",NA,NA,NA,NA,42.532,-72.188,322,NA,0.421487599611282,"DEVELOPED_OPEN_SPACE",0.421487599611282,"DEVELOPED_OPEN_SPACE",0.421487599611282,"DEVELOPED_OPEN_SPACE"
"Hefei316",316,"Hefei","AERONET",NA,NA,NA,NA,31.905,117.162,36,NA,NA,NA,NA,NA,NA,NA
"Helgola317",317,"Helgoland","AERONET",NA,NA,NA,NA,54.178,7.887,33,NA,NA,NA,NA,NA,NA,NA
"Helsink318",318,"Helsinki","AERONET",NA,NA,NA,NA,60.204,24.961,52,NA,NA,NA,NA,NA,NA,NA
"Helsink319",319,"Helsinki_Lighthouse","AERONET",NA,NA,NA,NA,59.949,24.926,20,NA,NA,NA,NA,NA,NA,NA
"Henties320",320,"Henties_Bay","AERONET",NA,NA,NA,NA,-22.095,14.26,20,NA,NA,NA,NA,NA,NA,NA
"Hermosi321",321,"Hermosillo","AERONET",NA,NA,NA,NA,29.075,-110.96,237,NA,NA,NA,NA,NA,NA,NA
"Hetauda322",322,"Hetauda","AERONET",NA,NA,NA,NA,27.428,85.031,465,NA,NA,NA,NA,NA,NA,NA
"HJAndre323",323,"HJAndrews","AERONET",NA,NA,NA,NA,44.239,-122.224,830,NA,0.0284664835780859,"DEVELOPED_OPEN_SPACE",0.0284664835780859,"DEVELOPED_OPEN_SPACE",0.0284664835780859,"DEVELOPED_OPEN_SPACE"
"Hog_Isl324",324,"Hog_Island","AERONET",NA,NA,NA,NA,37.42,-75.7,50,NA,0,"NO_DEVELOPMENT",0,"NO_DEVELOPMENT",0,"NO_DEVELOPMENT"
"Hong_Ko325",325,"Hong_Kong_Hok_Tsui","AERONET",NA,NA,NA,NA,22.21,114.258,80,NA,NA,NA,NA,NA,NA,NA
"Hong_Ko326",326,"Hong_Kong_PolyU","AERONET",NA,NA,NA,NA,22.303,114.18,30,NA,NA,NA,NA,NA,NA,NA
"Hornsun327",327,"Hornsund","AERONET",NA,NA,NA,NA,77.001,15.56,10,NA,NA,NA,NA,NA,NA,NA
"Howland328",328,"Howland","AERONET",NA,NA,NA,NA,45.2,-68.733,100,NA,0,"NO_DEVELOPMENT",0,"NO_DEVELOPMENT",0,"NO_DEVELOPMENT"
"Hua_Hin329",329,"Hua_Hin","AERONET",NA,NA,NA,NA,12.634,99.951,1,NA,NA,NA,NA,NA,NA,NA
"Huelva330",330,"Huelva","AERONET",NA,NA,NA,NA,37.016,-6.569,25,NA,NA,NA,NA,NA,NA,NA
"Hyytial331",331,"Hyytiala","AERONET",NA,NA,NA,NA,61.846,24.296,191,NA,NA,NA,NA,NA,NA,NA
"IASBS332",332,"IASBS","AERONET",NA,NA,NA,NA,36.705,48.507,1805,NA,NA,NA,NA,NA,NA,NA
"ICIPE-M333",333,"ICIPE-Mbita","AERONET",NA,NA,NA,NA,-0.417,34.2,1125,NA,NA,NA,NA,NA,NA,NA
"IER_Cin334",334,"IER_Cinzana","AERONET",NA,NA,NA,NA,13.278,-5.934,285,NA,NA,NA,NA,NA,NA,NA
"IFT-Lei335",335,"IFT-Leipzig","AERONET",NA,NA,NA,NA,51.352,12.435,125,NA,NA,NA,NA,NA,NA,NA
"IHOP-Ho336",336,"IHOP-Homestead","AERONET",NA,NA,NA,NA,36.558,-100.606,850,NA,0.111111111938953,"DEVELOPED_OPEN_SPACE",0.111111111938953,"DEVELOPED_OPEN_SPACE",0.111111111938953,"DEVELOPED_OPEN_SPACE"
"IIT_KGP337",337,"IIT_KGP_EXT_Kolkata","AERONET",NA,NA,NA,NA,22.574,88.418,10,NA,NA,NA,NA,NA,NA,NA
"Ilorin338",338,"Ilorin","AERONET",NA,NA,NA,NA,8.32,4.34,350,NA,NA,NA,NA,NA,NA,NA
"IMAA_Po339",339,"IMAA_Potenza","AERONET",NA,NA,NA,NA,40.6,15.72,820,NA,NA,NA,NA,NA,NA,NA
"IMC_Ori340",340,"IMC_Oristano","AERONET",NA,NA,NA,NA,39.91,8.5,10,NA,NA,NA,NA,NA,NA,NA
"IMS-MET341",341,"IMS-METU-ERDEMLI","AERONET",NA,NA,NA,NA,36.565,34.255,3,NA,NA,NA,NA,NA,NA,NA
"Inhaca342",342,"Inhaca","AERONET",NA,NA,NA,NA,-26.041,32.905,73,NA,NA,NA,NA,NA,NA,NA
"Inner_M343",343,"Inner_Mongolia","AERONET",NA,NA,NA,NA,42.683,115.954,1343,NA,NA,NA,NA,NA,NA,NA
"Iqaluit344",344,"Iqaluit","AERONET",NA,NA,NA,NA,63.748,-68.543,15,NA,NA,NA,NA,NA,NA,NA
"Irkutsk345",345,"Irkutsk","AERONET",NA,NA,NA,NA,51.8,103.087,670,NA,NA,NA,NA,NA,NA,NA
"ISDGM_C346",346,"ISDGM_CNR","AERONET",NA,NA,NA,NA,45.437,12.332,20,NA,NA,NA,NA,NA,NA,NA
"Ispra347",347,"Ispra","AERONET",NA,NA,NA,NA,45.803,8.627,235,NA,NA,NA,NA,NA,NA,NA
"Issyk-K348",348,"Issyk-Kul","AERONET",NA,NA,NA,NA,42.623,76.983,1650,NA,NA,NA,NA,NA,NA,NA
"Ittoqqo349",349,"Ittoqqortoormiit","AERONET",NA,NA,NA,NA,70.485,-21.951,68,NA,NA,NA,NA,NA,NA,NA
"Izana350",350,"Izana","AERONET",NA,NA,NA,NA,28.309,-16.499,2391,NA,NA,NA,NA,NA,NA,NA
"Jabal_H351",351,"Jabal_Hafeet","AERONET",NA,NA,NA,NA,24.058,55.776,1059,NA,NA,NA,NA,NA,NA,NA
"Jabiru352",352,"Jabiru","AERONET",NA,NA,NA,NA,-12.661,132.893,30,NA,NA,NA,NA,NA,NA,NA
"Jaipur353",353,"Jaipur","AERONET",NA,NA,NA,NA,26.906,75.806,450,NA,NA,NA,NA,NA,NA,NA
"Jamari354",354,"Jamari","AERONET",NA,NA,NA,NA,-8.633,-62.75,100,NA,NA,NA,NA,NA,NA,NA
"Jaru_Re355",355,"Jaru_Reserve","AERONET",NA,NA,NA,NA,-10.083,-61.933,162,NA,NA,NA,NA,NA,NA,NA
"Jingtai356",356,"Jingtai","AERONET",NA,NA,NA,NA,37.333,104.1,1604,NA,NA,NA,NA,NA,NA,NA
"Ji_Para357",357,"Ji_Parana","AERONET",NA,NA,NA,NA,-10.86,-61.8,100,NA,NA,NA,NA,NA,NA,NA
"Ji_Para358",358,"Ji_Parana_SE","AERONET",NA,NA,NA,NA,-10.934,-61.852,218,NA,NA,NA,NA,NA,NA,NA
"Ji_Para359",359,"Ji_Parana_UNIR","AERONET",NA,NA,NA,NA,-10.883,-61.967,100,NA,NA,NA,NA,NA,NA,NA
"Joberg360",360,"Joberg","AERONET",NA,NA,NA,NA,-26.186,28.029,1736,NA,NA,NA,NA,NA,NA,NA
"Jomsom361",361,"Jomsom","AERONET",NA,NA,NA,NA,28.778,83.714,2803,NA,NA,NA,NA,NA,NA,NA
"JonesER362",362,"JonesERC","AERONET",NA,NA,NA,NA,31.231,-84.471,50,NA,0.412304878234863,"DEVELOPED_OPEN_SPACE",0.412304878234863,"DEVELOPED_OPEN_SPACE",0.412304878234863,"DEVELOPED_OPEN_SPACE"
"Jornada363",363,"Jornada","AERONET",NA,NA,NA,NA,32.351,-106.517,1288,NA,0.0642791539430618,"DEVELOPED_OPEN_SPACE",0.0642791539430618,"DEVELOPED_OPEN_SPACE",0.0642791539430618,"DEVELOPED_OPEN_SPACE"
"Jug_Bay364",364,"Jug_Bay","AERONET",NA,NA,NA,NA,38.767,-76.778,10,NA,2.75757575035095,"DEVELOPED_OPEN_SPACE",2.75757575035095,"DEVELOPED_OPEN_SPACE",2.75757575035095,"DEVELOPED_OPEN_SPACE"
"Kaashid365",365,"Kaashidhoo","AERONET",NA,NA,NA,NA,4.965,73.466,0,NA,NA,NA,NA,NA,NA,NA
"Kaiping366",366,"Kaiping","AERONET",NA,NA,NA,NA,22.315,112.539,51,NA,NA,NA,NA,NA,NA,NA
"Kaloma367",367,"Kaloma","AERONET",NA,NA,NA,NA,-14.86,24.828,1230,NA,NA,NA,NA,NA,NA,NA
"Kandaha368",368,"Kandahar","AERONET",NA,NA,NA,NA,31.509,65.848,1007,NA,NA,NA,NA,NA,NA,NA
"Kangerl369",369,"Kangerlussuaq","AERONET",NA,NA,NA,NA,66.996,-50.621,320,NA,NA,NA,NA,NA,NA,NA
"Kanpur370",370,"Kanpur","AERONET",NA,NA,NA,NA,26.513,80.232,123,NA,NA,NA,NA,NA,NA,NA
"Kanzelh371",371,"Kanzelhohe_Obs","AERONET",NA,NA,NA,NA,46.678,13.907,1526,NA,NA,NA,NA,NA,NA,NA
"Kaoma372",372,"Kaoma","AERONET",NA,NA,NA,NA,-14.793,24.795,1179,NA,NA,NA,NA,NA,NA,NA
"Karachi373",373,"Karachi","AERONET",NA,NA,NA,NA,24.87,67.03,49,NA,NA,NA,NA,NA,NA,NA
"Karlsru374",374,"Karlsruhe","AERONET",NA,NA,NA,NA,49.093,8.428,140,NA,NA,NA,NA,NA,NA,NA
"Kasama375",375,"Kasama","AERONET",NA,NA,NA,NA,-10.167,31.183,1300,NA,NA,NA,NA,NA,NA,NA
"Kathman376",376,"Kathmandu_Univ","AERONET",NA,NA,NA,NA,27.601,85.538,1510,NA,NA,NA,NA,NA,NA,NA
"Katibou377",377,"Katibougou","AERONET",NA,NA,NA,NA,12.917,-7.532,0,NA,NA,NA,NA,NA,NA,NA
"KAUST_C378",378,"KAUST_Campus","AERONET",NA,NA,NA,NA,22.305,39.103,11,NA,NA,NA,NA,NA,NA,NA
"Kejimku379",379,"Kejimkujik","AERONET",NA,NA,NA,NA,44.383,-65.283,154,NA,NA,NA,NA,NA,NA,NA
"Kellogg380",380,"Kellogg_LTER","AERONET",NA,NA,NA,NA,42.408,-85.372,293,NA,0,"NO_DEVELOPMENT",0,"NO_DEVELOPMENT",0,"NO_DEVELOPMENT"
"Kelowna381",381,"Kelowna","AERONET",NA,NA,NA,NA,49.955,-119.373,344,NA,NA,NA,NA,NA,NA,NA
"Kelowna382",382,"Kelowna_UAS","AERONET",NA,NA,NA,NA,49.941,-119.4,456,NA,NA,NA,NA,NA,NA,NA
"Key_Bis383",383,"Key_Biscayne","AERONET",NA,NA,NA,NA,25.732,-80.163,0,NA,10.7713499069214,"DEVELOPED_OPEN_SPACE",10.7309455871582,"DEVELOPED_OPEN_SPACE",10.3140497207642,"DEVELOPED_OPEN_SPACE"
"Kibale384",384,"Kibale","AERONET",NA,NA,NA,NA,0.56,30.358,1536,NA,NA,NA,NA,NA,NA,NA
"Kirtlan385",385,"Kirtland_AFB","AERONET",NA,NA,NA,NA,34.951,-106.507,1711,NA,0,"NO_DEVELOPMENT",0,"NO_DEVELOPMENT",0,"NO_DEVELOPMENT"
"Kobe386",386,"Kobe","AERONET",NA,NA,NA,NA,34.72,135.291,20,NA,NA,NA,NA,NA,NA,NA
"Kolfiel387",387,"Kolfield","AERONET",NA,NA,NA,NA,39.802,-74.476,50,NA,0,"NO_DEVELOPMENT",0,"NO_DEVELOPMENT",0,"NO_DEVELOPMENT"
"Kolimba388",388,"Kolimbari","AERONET",NA,NA,NA,NA,35.533,23.783,0,NA,NA,NA,NA,NA,NA,NA
"KONZA_E389",389,"KONZA_EDC","AERONET",NA,NA,NA,NA,39.102,-96.61,341,NA,0.030303031206131,"DEVELOPED_OPEN_SPACE",0.030303031206131,"DEVELOPED_OPEN_SPACE",0.030303031206131,"DEVELOPED_OPEN_SPACE"
"Krasnoy390",390,"Krasnoyarsk","AERONET",NA,NA,NA,NA,55.983,92.767,202,NA,NA,NA,NA,NA,NA,NA
"Kuching391",391,"Kuching","AERONET",NA,NA,NA,NA,1.491,110.349,28,NA,NA,NA,NA,NA,NA,NA
"Kuopio392",392,"Kuopio","AERONET",NA,NA,NA,NA,62.892,27.634,105,NA,NA,NA,NA,NA,NA,NA
"Kuujjua393",393,"Kuujjuarapik","AERONET",NA,NA,NA,NA,55.3,-77.8,0,NA,NA,NA,NA,NA,NA,NA
"Kuwait_394",394,"Kuwait_Airport","AERONET",NA,NA,NA,NA,29.242,47.972,56,NA,NA,NA,NA,NA,NA,NA
"Kuwait_395",395,"Kuwait_University","AERONET",NA,NA,NA,NA,29.325,47.971,42,NA,NA,NA,NA,NA,NA,NA
"Kyiv-AO396",396,"Kyiv-AO","AERONET",NA,NA,NA,NA,50.452,30.498,200,NA,NA,NA,NA,NA,NA,NA
"Kyiv397",397,"Kyiv","AERONET",NA,NA,NA,NA,50.364,30.497,200,NA,NA,NA,NA,NA,NA,NA
"Kyungil398",398,"Kyungil_University","AERONET",NA,NA,NA,NA,36.072,128.824,122,NA,NA,NA,NA,NA,NA,NA
"La_Crau399",399,"La_Crau","AERONET",NA,NA,NA,NA,43.577,4.819,32,NA,NA,NA,NA,NA,NA,NA
"Laegere400",400,"Laegeren","AERONET",NA,NA,NA,NA,47.48,8.351,735,NA,NA,NA,NA,NA,NA,NA
"Lahore401",401,"Lahore","AERONET",NA,NA,NA,NA,31.542,74.325,270,NA,NA,NA,NA,NA,NA,NA
"La_Joll402",402,"La_Jolla","AERONET",NA,NA,NA,NA,32.87,-117.25,115,NA,37.9623489379883,"DEVELOPED_LOW_INTENSITY",37.7364540100098,"DEVELOPED_LOW_INTENSITY",37.656566619873,"DEVELOPED_LOW_INTENSITY"
"Lake_Ar403",403,"Lake_Argyle","AERONET",NA,NA,NA,NA,-16.108,128.749,150,NA,NA,NA,NA,NA,NA,NA
"La_Lagu404",404,"La_Laguna","AERONET",NA,NA,NA,NA,28.482,-16.321,568,NA,NA,NA,NA,NA,NA,NA
"Lampedu405",405,"Lampedusa","AERONET",NA,NA,NA,NA,35.517,12.632,45,NA,NA,NA,NA,NA,NA,NA
"Lanai406",406,"Lanai","AERONET",NA,NA,NA,NA,20.735,-156.922,20,NA,NA,NA,NA,NA,NA,NA
"Langtan407",407,"Langtang","AERONET",NA,NA,NA,NA,28.012,85.493,3670,NA,NA,NA,NA,NA,NA,NA
"Lannion408",408,"Lannion","AERONET",NA,NA,NA,NA,48.731,-3.462,15,NA,NA,NA,NA,NA,NA,NA
"Lanzhou409",409,"Lanzhou_City","AERONET",NA,NA,NA,NA,36.048,103.853,1516,NA,NA,NA,NA,NA,NA,NA
"La_Parg410",410,"La_Parguera","AERONET",NA,NA,NA,NA,17.97,-67.045,12,NA,NA,NA,NA,NA,NA,NA
"La_Paz411",411,"La_Paz","AERONET",NA,NA,NA,NA,-16.539,-68.066,3439,NA,NA,NA,NA,NA,NA,NA
"Lecce_U412",412,"Lecce_University","AERONET",NA,NA,NA,NA,40.335,18.111,30,NA,NA,NA,NA,NA,NA,NA
"Le_Faug413",413,"Le_Fauga","AERONET",NA,NA,NA,NA,43.384,1.285,193,NA,NA,NA,NA,NA,NA,NA
"Leicest414",414,"Leicester","AERONET",NA,NA,NA,NA,52.619,-1.122,89,NA,NA,NA,NA,NA,NA,NA
"Liangni415",415,"Liangning","AERONET",NA,NA,NA,NA,41.512,122.701,15,NA,NA,NA,NA,NA,NA,NA
"Lille416",416,"Lille","AERONET",NA,NA,NA,NA,50.612,3.142,60,NA,NA,NA,NA,NA,NA,NA
"LISCO417",417,"LISCO","AERONET",NA,NA,NA,NA,40.955,-73.342,12,NA,0,"NO_DEVELOPMENT",0,"NO_DEVELOPMENT",0,"NO_DEVELOPMENT"
"Lochiel418",418,"Lochiel","AERONET",NA,NA,NA,NA,49.028,-122.602,0,NA,NA,NA,NA,NA,NA,NA
"London-419",419,"London-UCL-UAO","AERONET",NA,NA,NA,NA,51.524,-0.131,46,NA,NA,NA,NA,NA,NA,NA
"Longyea420",420,"Longyearbyen","AERONET",NA,NA,NA,NA,78.223,15.649,30,NA,NA,NA,NA,NA,NA,NA
"Los_Ala421",421,"Los_Alamos","AERONET",NA,NA,NA,NA,35.874,-106.326,2350,NA,21.3966941833496,"DEVELOPED_LOW_INTENSITY",19.2617073059082,"DEVELOPED_OPEN_SPACE",14.9752063751221,"DEVELOPED_OPEN_SPACE"
"LOS_FIE422",422,"LOS_FIEROS_98","AERONET",NA,NA,NA,NA,-14.556,-60.929,170,NA,NA,NA,NA,NA,NA,NA
"Los_Fie423",423,"Los_Fieros","AERONET",NA,NA,NA,NA,-14.55,-60.617,225,NA,NA,NA,NA,NA,NA,NA
"LSU424",424,"LSU","AERONET",NA,NA,NA,NA,30.407,-91.184,15,NA,53.326904296875,"DEVELOPED_MEDIUM_INTENSITY",47.4416885375977,"DEVELOPED_LOW_INTENSITY",44.4462814331055,"DEVELOPED_LOW_INTENSITY"
"Luang_N425",425,"Luang_Namtha","AERONET",NA,NA,NA,NA,20.931,101.416,557,NA,NA,NA,NA,NA,NA,NA
"Lucinda426",426,"Lucinda","AERONET",NA,NA,NA,NA,-18.52,146.386,8,NA,NA,NA,NA,NA,NA,NA
"Lugansk427",427,"Lugansk","AERONET",NA,NA,NA,NA,48.57,39.365,90,NA,NA,NA,NA,NA,NA,NA
"Lulin428",428,"Lulin","AERONET",NA,NA,NA,NA,23.469,120.874,2868,NA,NA,NA,NA,NA,NA,NA
"Lunar_L429",429,"Lunar_Lake","AERONET",NA,NA,NA,NA,38.39,-115.988,1908,NA,0.150596871972084,"DEVELOPED_OPEN_SPACE",0.150596871972084,"DEVELOPED_OPEN_SPACE",0.150596871972084,"DEVELOPED_OPEN_SPACE"
"LW-SCAN430",430,"LW-SCAN","AERONET",NA,NA,NA,NA,34.96,-97.979,358,NA,1.21946740150452,"DEVELOPED_OPEN_SPACE",1.21946740150452,"DEVELOPED_OPEN_SPACE",1.21946740150452,"DEVELOPED_OPEN_SPACE"
"MAARCO431",431,"MAARCO","AERONET",NA,NA,NA,NA,24.7,54.659,10,NA,NA,NA,NA,NA,NA,NA
"Mace_He432",432,"Mace_Head","AERONET",NA,NA,NA,NA,53.33,-9.9,20,NA,NA,NA,NA,NA,NA,NA
"Madison433",433,"Madison","AERONET",NA,NA,NA,NA,43.07,-89.41,326,NA,55.6538124084473,"DEVELOPED_MEDIUM_INTENSITY",55.2249755859375,"DEVELOPED_MEDIUM_INTENSITY",53.6216697692871,"DEVELOPED_MEDIUM_INTENSITY"
"Mainz434",434,"Mainz","AERONET",NA,NA,NA,NA,49.999,8.3,150,NA,NA,NA,NA,NA,NA,NA
"Malaga435",435,"Malaga","AERONET",NA,NA,NA,NA,36.715,-4.478,40,NA,NA,NA,NA,NA,NA,NA
"MALE436",436,"MALE","AERONET",NA,NA,NA,NA,4.192,73.529,2,NA,NA,NA,NA,NA,NA,NA
"Manaus_437",437,"Manaus_EMBRAPA","AERONET",NA,NA,NA,NA,-2.891,-59.97,115,NA,NA,NA,NA,NA,NA,NA
"Manaus438",438,"Manaus","AERONET",NA,NA,NA,NA,-2.599,-60.039,93,NA,NA,NA,NA,NA,NA,NA
"Manila_439",439,"Manila_Observatory","AERONET",NA,NA,NA,NA,14.635,121.078,63,NA,NA,NA,NA,NA,NA,NA
"Manus440",440,"Manus","AERONET",NA,NA,NA,NA,-2.06,147.425,4,NA,NA,NA,NA,NA,NA,NA
"Marbell441",441,"Marbella_San_Pedro","AERONET",NA,NA,NA,NA,36.486,-4.993,100,NA,NA,NA,NA,NA,NA,NA
"Maricop442",442,"Maricopa","AERONET",NA,NA,NA,NA,33.069,-111.972,360,NA,0,"NO_DEVELOPMENT",0,"NO_DEVELOPMENT",0,"NO_DEVELOPMENT"
"Marseil443",443,"Marseille","AERONET",NA,NA,NA,NA,43.282,5.384,100,NA,NA,NA,NA,NA,NA,NA
"Mauna_L444",444,"Mauna_Loa","AERONET",NA,NA,NA,NA,19.539,-155.578,3397,NA,NA,NA,NA,NA,NA,NA
"Maun_To445",445,"Maun_Tower","AERONET",NA,NA,NA,NA,-19.9,23.55,940,NA,NA,NA,NA,NA,NA,NA
"McClell446",446,"McClellan_AFB","AERONET",NA,NA,NA,NA,38.668,-121.399,20,NA,15.6381998062134,"DEVELOPED_OPEN_SPACE",15.3865928649902,"DEVELOPED_OPEN_SPACE",14.1460056304932,"DEVELOPED_OPEN_SPACE"
"MCO-Han447",447,"MCO-Hanimaadhoo","AERONET",NA,NA,NA,NA,6.776,73.183,0,NA,NA,NA,NA,NA,NA,NA
"MD_Scie448",448,"MD_Science_Center","AERONET",NA,NA,NA,NA,39.283,-76.617,15,NA,83.0817260742188,"DEVELOPED_HIGH_INTENSITY",82.8741989135742,"DEVELOPED_HIGH_INTENSITY",82.8741989135742,"DEVELOPED_HIGH_INTENSITY"
"Merredi449",449,"Merredin","AERONET",NA,NA,NA,NA,-31.493,118.226,315,NA,NA,NA,NA,NA,NA,NA
"Messina450",450,"Messina","AERONET",NA,NA,NA,NA,38.197,15.567,15,NA,NA,NA,NA,NA,NA,NA
"Mexico_451",451,"Mexico_City","AERONET",NA,NA,NA,NA,19.334,-99.182,2268,NA,NA,NA,NA,NA,NA,NA
"Mezaira452",452,"Mezaira","AERONET",NA,NA,NA,NA,23.145,53.779,204,NA,NA,NA,NA,NA,NA,NA
"Mfuwe453",453,"Mfuwe","AERONET",NA,NA,NA,NA,-13.257,31.931,550,NA,NA,NA,NA,NA,NA,NA
"Midway_454",454,"Midway_Island","AERONET",NA,NA,NA,NA,28.21,-177.378,20,NA,NA,NA,NA,NA,NA,NA
"Milyeri455",455,"Milyering","AERONET",NA,NA,NA,NA,-22.029,113.923,10,NA,NA,NA,NA,NA,NA,NA
"Minqin456",456,"Minqin","AERONET",NA,NA,NA,NA,38.607,102.959,1373,NA,NA,NA,NA,NA,NA,NA
"Minsk457",457,"Minsk","AERONET",NA,NA,NA,NA,53.92,27.601,200,NA,NA,NA,NA,NA,NA,NA
"MISR-JP458",458,"MISR-JPL","AERONET",NA,NA,NA,NA,34.199,-118.174,367,NA,20.8025703430176,"DEVELOPED_LOW_INTENSITY",19.5298442840576,"DEVELOPED_OPEN_SPACE",19.0064277648926,"DEVELOPED_OPEN_SPACE"
"Missoul459",459,"Missoula","AERONET",NA,NA,NA,NA,46.917,-114.083,1028,NA,35.1065216064453,"DEVELOPED_LOW_INTENSITY",34.3223152160645,"DEVELOPED_LOW_INTENSITY",34.1955909729004,"DEVELOPED_LOW_INTENSITY"
"Modena460",460,"Modena","AERONET",NA,NA,NA,NA,44.632,10.945,56,NA,NA,NA,NA,NA,NA,NA
"Moldova461",461,"Moldova","AERONET",NA,NA,NA,NA,47,28.816,205,NA,NA,NA,NA,NA,NA,NA
"Mongu462",462,"Mongu","AERONET",NA,NA,NA,NA,-15.254,23.151,1107,NA,NA,NA,NA,NA,NA,NA
"Montere463",463,"Monterey","AERONET",NA,NA,NA,NA,36.593,-121.855,50,NA,45.7750244140625,"DEVELOPED_LOW_INTENSITY",43.5610656738281,"DEVELOPED_LOW_INTENSITY",41.8209381103516,"DEVELOPED_LOW_INTENSITY"
"Mont_Jo464",464,"Mont_Joli","AERONET",NA,NA,NA,NA,48.64,-68.156,30,NA,NA,NA,NA,NA,NA,NA
"Montsec465",465,"Montsec","AERONET",NA,NA,NA,NA,42.051,0.73,1574,NA,NA,NA,NA,NA,NA,NA
"Moscow_466",466,"Moscow_MSU_MO","AERONET",NA,NA,NA,NA,55.7,37.51,192,NA,NA,NA,NA,NA,NA,NA
"Moss_La467",467,"Moss_Landing","AERONET",NA,NA,NA,NA,36.793,-121.788,20,NA,14.1478424072266,"DEVELOPED_OPEN_SPACE",13.9191923141479,"DEVELOPED_OPEN_SPACE",13.0183658599854,"DEVELOPED_OPEN_SPACE"
"Mount_C468",468,"Mount_Chacaltaya","AERONET",NA,NA,NA,NA,-16.35,-68.132,5233,NA,NA,NA,NA,NA,NA,NA
"Mount_G469",469,"Mount_Gibbes","AERONET",NA,NA,NA,NA,35.783,-82.293,2006,NA,0,"NO_DEVELOPMENT",0,"NO_DEVELOPMENT",0,"NO_DEVELOPMENT"
"Mukdaha470",470,"Mukdahan","AERONET",NA,NA,NA,NA,16.607,104.676,166,NA,NA,NA,NA,NA,NA,NA
"Munich_471",471,"Munich_Maisach","AERONET",NA,NA,NA,NA,48.209,11.258,520,NA,NA,NA,NA,NA,NA,NA
"Munich_472",472,"Munich_University","AERONET",NA,NA,NA,NA,48.148,11.573,533,NA,NA,NA,NA,NA,NA,NA
"Muscat473",473,"Muscat","AERONET",NA,NA,NA,NA,23.606,58.436,22,NA,NA,NA,NA,NA,NA,NA
"Mussafa474",474,"Mussafa","AERONET",NA,NA,NA,NA,24.372,54.467,10,NA,NA,NA,NA,NA,NA,NA
"Muztagh475",475,"Muztagh_Ata","AERONET",NA,NA,NA,NA,38.408,75.039,3674,NA,NA,NA,NA,NA,NA,NA
"MVCO476",476,"MVCO","AERONET",NA,NA,NA,NA,41.3,-70.55,10,NA,0,"NO_DEVELOPMENT",0,"NO_DEVELOPMENT",0,"NO_DEVELOPMENT"
"Mwinilu477",477,"Mwinilunga","AERONET",NA,NA,NA,NA,-11.74,24.431,1430,NA,NA,NA,NA,NA,NA,NA
"Nainita478",478,"Nainital","AERONET",NA,NA,NA,NA,29.359,79.458,1939,NA,NA,NA,NA,NA,NA,NA
"Nairobi479",479,"Nairobi","AERONET",NA,NA,NA,NA,-1.339,36.865,1650,NA,NA,NA,NA,NA,NA,NA
"NAM_CO480",480,"NAM_CO","AERONET",NA,NA,NA,NA,30.773,90.962,4740,NA,NA,NA,NA,NA,NA,NA
"NASA_Am481",481,"NASA_Ames","AERONET",NA,NA,NA,NA,37.42,-122.057,10,NA,68.8962326049805,"DEVELOPED_MEDIUM_INTENSITY",68.5436172485352,"DEVELOPED_MEDIUM_INTENSITY",68.3939361572266,"DEVELOPED_MEDIUM_INTENSITY"
"NASA_La482",482,"NASA_LaRC","AERONET",NA,NA,NA,NA,37.105,-76.379,5,NA,5.44077157974243,"DEVELOPED_OPEN_SPACE",5.3654727935791,"DEVELOPED_OPEN_SPACE",5.06427907943726,"DEVELOPED_OPEN_SPACE"
"Nauru483",483,"Nauru","AERONET",NA,NA,NA,NA,-0.521,166.916,7,NA,NA,NA,NA,NA,NA,NA
"NCU_Tai484",484,"NCU_Taiwan","AERONET",NA,NA,NA,NA,24.967,121.192,171,NA,NA,NA,NA,NA,NA,NA
"ND_Marb485",485,"ND_Marbel_Univ","AERONET",NA,NA,NA,NA,6.496,124.843,70,NA,NA,NA,NA,NA,NA,NA
"Ndola486",486,"Ndola","AERONET",NA,NA,NA,NA,-12.995,28.658,1270,NA,NA,NA,NA,NA,NA,NA
"NEON-Bo487",487,"NEON-Boulder","AERONET",NA,NA,NA,NA,40.008,-105.268,1641,NA,38.6914596557617,"DEVELOPED_LOW_INTENSITY",37.3498611450195,"DEVELOPED_LOW_INTENSITY",36.2341613769531,"DEVELOPED_LOW_INTENSITY"
"NEON_CV488",488,"NEON_CVALLA","AERONET",NA,NA,NA,NA,40.161,-105.167,1539,NA,2.0091826915741,"DEVELOPED_OPEN_SPACE",2.0091826915741,"DEVELOPED_OPEN_SPACE",1.85307621955872,"DEVELOPED_OPEN_SPACE"
"Nes_Zio489",489,"Nes_Ziona","AERONET",NA,NA,NA,NA,31.922,34.789,40,NA,NA,NA,NA,NA,NA,NA
"New_Del490",490,"New_Delhi","AERONET",NA,NA,NA,NA,28.63,77.175,240,NA,NA,NA,NA,NA,NA,NA
"NGHIA_D491",491,"NGHIA_DO","AERONET",NA,NA,NA,NA,21.048,105.8,40,NA,NA,NA,NA,NA,NA,NA
"NhaTran492",492,"NhaTrang","AERONET",NA,NA,NA,NA,12.205,109.206,20,NA,NA,NA,NA,NA,NA,NA
"Niabrar493",493,"Niabrara","AERONET",NA,NA,NA,NA,42.765,-100.02,730,NA,0,"NO_DEVELOPMENT",0,"NO_DEVELOPMENT",0,"NO_DEVELOPMENT"
"Niamey494",494,"Niamey","AERONET",NA,NA,NA,NA,13.481,2.172,205,NA,NA,NA,NA,NA,NA,NA
"Nicelli495",495,"Nicelli_Airport","AERONET",NA,NA,NA,NA,45.426,12.382,13,NA,NA,NA,NA,NA,NA,NA
"Norfolk496",496,"Norfolk_State_Univ","AERONET",NA,NA,NA,NA,36.848,-76.259,20,NA,52.6235084533691,"DEVELOPED_MEDIUM_INTENSITY",52.4729118347168,"DEVELOPED_MEDIUM_INTENSITY",50.3085403442383,"DEVELOPED_MEDIUM_INTENSITY"
"Noto497",497,"Noto","AERONET",NA,NA,NA,NA,37.334,137.137,200,NA,NA,NA,NA,NA,NA,NA
"NSA_YJP498",498,"NSA_YJP_BOREAS","AERONET",NA,NA,NA,NA,55.903,-98.29,290,NA,NA,NA,NA,NA,NA,NA
"NUIST499",499,"NUIST","AERONET",NA,NA,NA,NA,32.206,118.717,62,NA,NA,NA,NA,NA,NA,NA
"Ny_Ales500",500,"Ny_Alesund","AERONET",NA,NA,NA,NA,78.929,11.861,46,NA,NA,NA,NA,NA,NA,NA
"OBERNAI501",501,"OBERNAI","AERONET",NA,NA,NA,NA,48.443,7.543,161,NA,NA,NA,NA,NA,NA,NA
"OceolaN502",502,"OceolaNF","AERONET",NA,NA,NA,NA,30.205,-82.443,0,NA,2.79522490501404,"DEVELOPED_OPEN_SPACE",2.79522490501404,"DEVELOPED_OPEN_SPACE",2.79522490501404,"DEVELOPED_OPEN_SPACE"
"OHP_OBS503",503,"OHP_OBSERVATOIRE","AERONET",NA,NA,NA,NA,43.935,5.71,680,NA,NA,NA,NA,NA,NA,NA
"Okefeno504",504,"OkefenokeeNWR","AERONET",NA,NA,NA,NA,30.741,-82.129,0,NA,1.04224061965942,"DEVELOPED_OPEN_SPACE",1.04224061965942,"DEVELOPED_OPEN_SPACE",1.04224061965942,"DEVELOPED_OPEN_SPACE"
"Okinawa505",505,"Okinawa","AERONET",NA,NA,NA,NA,26.357,127.768,46,NA,NA,NA,NA,NA,NA,NA
"OK_St_U506",506,"OK_St_Univ","AERONET",NA,NA,NA,NA,35.046,-97.917,331,NA,3.71258044242859,"DEVELOPED_OPEN_SPACE",2.88888883590698,"DEVELOPED_OPEN_SPACE",2.88888883590698,"DEVELOPED_OPEN_SPACE"
"Omkoi507",507,"Omkoi","AERONET",NA,NA,NA,NA,17.798,98.432,1120,NA,NA,NA,NA,NA,NA,NA
"Oostend508",508,"Oostende","AERONET",NA,NA,NA,NA,51.225,2.925,23,NA,NA,NA,NA,NA,NA,NA
"OPAL509",509,"OPAL","AERONET",NA,NA,NA,NA,79.99,-85.939,0,NA,NA,NA,NA,NA,NA,NA
"Ordway-510",510,"Ordway-Swisher","AERONET",NA,NA,NA,NA,29.698,-81.988,44,NA,0.353535354137421,"DEVELOPED_OPEN_SPACE",0.353535354137421,"DEVELOPED_OPEN_SPACE",0.353535354137421,"DEVELOPED_OPEN_SPACE"
"Osaka511",511,"Osaka","AERONET",NA,NA,NA,NA,34.651,135.591,50,NA,NA,NA,NA,NA,NA,NA
"Osaka-N512",512,"Osaka-North","AERONET",NA,NA,NA,NA,34.774,135.51,50,NA,NA,NA,NA,NA,NA,NA
"Ouagado513",513,"Ouagadougou","AERONET",NA,NA,NA,NA,12.2,-1.4,290,NA,NA,NA,NA,NA,NA,NA
"Oujda514",514,"Oujda","AERONET",NA,NA,NA,NA,34.653,-1.899,620,NA,NA,NA,NA,NA,NA,NA
"Oukaime515",515,"Oukaimeden","AERONET",NA,NA,NA,NA,31.214,-7.881,2700,NA,NA,NA,NA,NA,NA,NA
"Owens_L516",516,"Owens_Lake","AERONET",NA,NA,NA,NA,36.488,-117.871,1167,NA,9.76216697692871,"DEVELOPED_OPEN_SPACE",9.76216697692871,"DEVELOPED_OPEN_SPACE",9.76216697692871,"DEVELOPED_OPEN_SPACE"
"Oyster517",517,"Oyster","AERONET",NA,NA,NA,NA,37.295,-75.933,8,NA,0.0743801668286324,"DEVELOPED_OPEN_SPACE",0.0743801668286324,"DEVELOPED_OPEN_SPACE",0.0743801668286324,"DEVELOPED_OPEN_SPACE"
"Paddock518",518,"Paddockwood","AERONET",NA,NA,NA,NA,53.5,-105.5,503,NA,NA,NA,NA,NA,NA,NA
"Palaise519",519,"Palaiseau","AERONET",NA,NA,NA,NA,48.7,2.208,156,NA,NA,NA,NA,NA,NA,NA
"Palenci520",520,"Palencia","AERONET",NA,NA,NA,NA,41.989,-4.516,750,NA,NA,NA,NA,NA,NA,NA
"Palgrun521",521,"Palgrunden","AERONET",NA,NA,NA,NA,58.755,13.152,49,NA,NA,NA,NA,NA,NA,NA
"Panama_522",522,"Panama_BCI","AERONET",NA,NA,NA,NA,9.167,-79.85,0,NA,NA,NA,NA,NA,NA,NA
"Pantnag523",523,"Pantnagar","AERONET",NA,NA,NA,NA,29.046,79.521,241,NA,NA,NA,NA,NA,NA,NA
"Paposo524",524,"Paposo","AERONET",NA,NA,NA,NA,-25.007,-70.45,0,NA,NA,NA,NA,NA,NA,NA
"Paris525",525,"Paris","AERONET",NA,NA,NA,NA,48.867,2.333,50,NA,NA,NA,NA,NA,NA,NA
"PEARL526",526,"PEARL","AERONET",NA,NA,NA,NA,80.054,-86.417,615,NA,NA,NA,NA,NA,NA,NA
"Penn_St527",527,"Penn_State_Univ","AERONET",NA,NA,NA,NA,40.742,-78.081,401,NA,0.0431588627398014,"DEVELOPED_OPEN_SPACE",0.0431588627398014,"DEVELOPED_OPEN_SPACE",0.0431588627398014,"DEVELOPED_OPEN_SPACE"
"Perth528",528,"Perth","AERONET",NA,NA,NA,NA,-32.008,115.894,0,NA,NA,NA,NA,NA,NA,NA
"Petroli529",529,"Petrolina_SONDA","AERONET",NA,NA,NA,NA,-9.383,-40.5,370,NA,NA,NA,NA,NA,NA,NA
"Philade530",530,"Philadelphia","AERONET",NA,NA,NA,NA,40.036,-75.005,20,NA,3.79522490501404,"DEVELOPED_OPEN_SPACE",3.75665760040283,"DEVELOPED_OPEN_SPACE",3.75665760040283,"DEVELOPED_OPEN_SPACE"
"Pickle_531",531,"Pickle_Lake","AERONET",NA,NA,NA,NA,51.449,-90.218,393,NA,NA,NA,NA,NA,NA,NA
"Pieters532",532,"Pietersburg","AERONET",NA,NA,NA,NA,-23.883,29.45,1200,NA,NA,NA,NA,NA,NA,NA
"Pimai533",533,"Pimai","AERONET",NA,NA,NA,NA,15.182,102.564,220,NA,NA,NA,NA,NA,NA,NA
"Pitres534",534,"Pitres","AERONET",NA,NA,NA,NA,36.933,-3.222,1252,NA,NA,NA,NA,NA,NA,NA
"PKU_PEK535",535,"PKU_PEK","AERONET",NA,NA,NA,NA,39.593,116.184,66,NA,NA,NA,NA,NA,NA,NA
"Pokhara536",536,"Pokhara","AERONET",NA,NA,NA,NA,28.151,83.971,807,NA,NA,NA,NA,NA,NA,NA
"Porquer537",537,"Porquerolles","AERONET",NA,NA,NA,NA,43.001,6.161,22,NA,NA,NA,NA,NA,NA,NA
"Porto_N538",538,"Porto_Nacional","AERONET",NA,NA,NA,NA,-11,-48,210,NA,NA,NA,NA,NA,NA,NA
"Porto_V539",539,"Porto_Velho","AERONET",NA,NA,NA,NA,-8.77,-63.95,110,NA,NA,NA,NA,NA,NA,NA
"Potosi_540",540,"Potosi_Mine","AERONET",NA,NA,NA,NA,-9.283,-62.867,80,NA,NA,NA,NA,NA,NA,NA
"Praia541",541,"Praia","AERONET",NA,NA,NA,NA,14.947,-23.484,70,NA,NA,NA,NA,NA,NA,NA
"Pretori542",542,"Pretoria_CSIR-DPSS","AERONET",NA,NA,NA,NA,-25.757,28.28,1449,NA,NA,NA,NA,NA,NA,NA
"Prospec543",543,"Prospect_Hill","AERONET",NA,NA,NA,NA,32.37,-64.696,63,NA,NA,NA,NA,NA,NA,NA
"Pune544",544,"Pune","AERONET",NA,NA,NA,NA,18.537,73.805,559,NA,NA,NA,NA,NA,NA,NA
"Pusan_N545",545,"Pusan_NU","AERONET",NA,NA,NA,NA,35.235,129.083,71,NA,NA,NA,NA,NA,NA,NA
"Puspipt546",546,"Puspiptek","AERONET",NA,NA,NA,NA,-6.356,106.664,15,NA,NA,NA,NA,NA,NA,NA
"QOMS_CA547",547,"QOMS_CAS","AERONET",NA,NA,NA,NA,28.365,86.948,4276,NA,NA,NA,NA,NA,NA,NA
"Quarzaz548",548,"Quarzazate","AERONET",NA,NA,NA,NA,30.939,-6.909,1150,NA,NA,NA,NA,NA,NA,NA
"Ragged_549",549,"Ragged_Point","AERONET",NA,NA,NA,NA,13.165,-59.432,40,NA,NA,NA,NA,NA,NA,NA
"Railroa550",550,"Railroad_Valley","AERONET",NA,NA,NA,NA,38.504,-115.962,1435,NA,0,"NO_DEVELOPMENT",0,"NO_DEVELOPMENT",0,"NO_DEVELOPMENT"
"Rame_He551",551,"Rame_Head","AERONET",NA,NA,NA,NA,50.366,-4.149,0,NA,NA,NA,NA,NA,NA,NA
"Ras_El_552",552,"Ras_El_Ain","AERONET",NA,NA,NA,NA,31.67,-7.599,570,NA,NA,NA,NA,NA,NA,NA
"Realtor553",553,"Realtor","AERONET",NA,NA,NA,NA,43.486,5.384,208,NA,NA,NA,NA,NA,NA,NA
"Red_Blu554",554,"Red_Bluff","AERONET",NA,NA,NA,NA,40.15,-122.25,40,NA,41.5408630371094,"DEVELOPED_LOW_INTENSITY",40.0890731811523,"DEVELOPED_LOW_INTENSITY",35.8383827209473,"DEVELOPED_LOW_INTENSITY"
"Red_Mou555",555,"Red_Mountain_Pass","AERONET",NA,NA,NA,NA,37.908,-107.725,3368,NA,0.234159782528877,"DEVELOPED_OPEN_SPACE",0.234159782528877,"DEVELOPED_OPEN_SPACE",0.234159782528877,"DEVELOPED_OPEN_SPACE"
"Red_Riv556",556,"Red_River_Delta","AERONET",NA,NA,NA,NA,20.729,106.128,4,NA,NA,NA,NA,NA,NA,NA
"Resolut557",557,"Resolute_Bay","AERONET",NA,NA,NA,NA,74.733,-94.9,40,NA,NA,NA,NA,NA,NA,NA
"REUNION558",558,"REUNION_ST_DENIS","AERONET",NA,NA,NA,NA,-20.883,55.483,0,NA,NA,NA,NA,NA,NA,NA
"Richlan559",559,"Richland","AERONET",NA,NA,NA,NA,46.34,-119.28,123,NA,21.2506885528564,"DEVELOPED_LOW_INTENSITY",19.593204498291,"DEVELOPED_OPEN_SPACE",17.945821762085,"DEVELOPED_OPEN_SPACE"
"Rimrock560",560,"Rimrock","AERONET",NA,NA,NA,NA,46.487,-116.992,824,NA,0.401285588741302,"DEVELOPED_OPEN_SPACE",0.401285588741302,"DEVELOPED_OPEN_SPACE",0.401285588741302,"DEVELOPED_OPEN_SPACE"
"Rio_Bra561",561,"Rio_Branco","AERONET",NA,NA,NA,NA,-9.957,-67.869,212,NA,NA,NA,NA,NA,NA,NA
"Rio_de_562",562,"Rio_de_Janeiro_UFRJ","AERONET",NA,NA,NA,NA,-22.857,-43.234,88,NA,NA,NA,NA,NA,NA,NA
"Rio_Pie563",563,"Rio_Piedras","AERONET",NA,NA,NA,NA,18.402,-66.051,30,NA,NA,NA,NA,NA,NA,NA
"Rochest564",564,"Rochester","AERONET",NA,NA,NA,NA,44.234,-77.586,0,NA,NA,NA,NA,NA,NA,NA
"Rogers_565",565,"Rogers_Dry_Lake","AERONET",NA,NA,NA,NA,34.926,-117.885,680,NA,61.7814521789551,"DEVELOPED_MEDIUM_INTENSITY",60.3002738952637,"DEVELOPED_MEDIUM_INTENSITY",60.0578498840332,"DEVELOPED_MEDIUM_INTENSITY"
"Rome_To566",566,"Rome_Tor_Vergata","AERONET",NA,NA,NA,NA,41.84,12.647,130,NA,NA,NA,NA,NA,NA,NA
"Rooseve567",567,"Roosevelt_Roads","AERONET",NA,NA,NA,NA,18.2,-65.6,10,NA,NA,NA,NA,NA,NA,NA
"Rossfel568",568,"Rossfeld","AERONET",NA,NA,NA,NA,48.335,7.625,167,NA,NA,NA,NA,NA,NA,NA
"Rottnes569",569,"Rottnest_Island","AERONET",NA,NA,NA,NA,-32,115.502,70,NA,NA,NA,NA,NA,NA,NA
"Saada570",570,"Saada","AERONET",NA,NA,NA,NA,31.626,-8.156,420,NA,NA,NA,NA,NA,NA,NA
"Sable_I571",571,"Sable_Island","AERONET",NA,NA,NA,NA,43.933,-60.01,3,NA,NA,NA,NA,NA,NA,NA
"SACOL572",572,"SACOL","AERONET",NA,NA,NA,NA,35.946,104.137,1965,NA,NA,NA,NA,NA,NA,NA
"SAGRES573",573,"SAGRES","AERONET",NA,NA,NA,NA,37.048,-8.874,26,NA,NA,NA,NA,NA,NA,NA
"Saih_Sa574",574,"Saih_Salam","AERONET",NA,NA,NA,NA,24.829,55.313,84,NA,NA,NA,NA,NA,NA,NA
"Saint_M575",575,"Saint_Mandrier","AERONET",NA,NA,NA,NA,43.067,5.944,44,NA,NA,NA,NA,NA,NA,NA
"Salon_d576",576,"Salon_de_Provence","AERONET",NA,NA,NA,NA,43.606,5.12,60,NA,NA,NA,NA,NA,NA,NA
"Sandia_577",577,"Sandia_NM_PSEL","AERONET",NA,NA,NA,NA,35.055,-106.54,1662,NA,24.7465572357178,"DEVELOPED_LOW_INTENSITY",23.5243339538574,"DEVELOPED_LOW_INTENSITY",14.5638198852539,"DEVELOPED_OPEN_SPACE"
"Sandy_H578",578,"Sandy_Hook","AERONET",NA,NA,NA,NA,40.448,-73.993,0,NA,2.97153353691101,"DEVELOPED_OPEN_SPACE",2.97153353691101,"DEVELOPED_OPEN_SPACE",2.97153353691101,"DEVELOPED_OPEN_SPACE"
"San_Nic579",579,"San_Nicolas","AERONET",NA,NA,NA,NA,33.257,-119.487,133,NA,5.91092729568481,"DEVELOPED_OPEN_SPACE",5.82736444473267,"DEVELOPED_OPEN_SPACE",5.67952251434326,"DEVELOPED_OPEN_SPACE"
"San_Nic580",580,"San_Nicolas_Vandal","AERONET",NA,NA,NA,NA,33.262,-119.537,194,NA,1.05234158039093,"DEVELOPED_OPEN_SPACE",1.05234158039093,"DEVELOPED_OPEN_SPACE",1.05234158039093,"DEVELOPED_OPEN_SPACE"
"SANTA_C581",581,"SANTA_CRUZ","AERONET",NA,NA,NA,NA,-17.802,-63.178,442,NA,NA,NA,NA,NA,NA,NA
"Santa_C582",582,"Santa_Cruz_Tenerife","AERONET",NA,NA,NA,NA,28.473,-16.247,52,NA,NA,NA,NA,NA,NA,NA
"SANTA_C583",583,"SANTA_CRUZ_UTEPSA","AERONET",NA,NA,NA,NA,-17.767,-63.201,432,NA,NA,NA,NA,NA,NA,NA
"Santare584",584,"Santarem","AERONET",NA,NA,NA,NA,-2.433,-54.75,70,NA,NA,NA,NA,NA,NA,NA
"Santiag585",585,"Santiago","AERONET",NA,NA,NA,NA,-33.49,-70.717,510,NA,NA,NA,NA,NA,NA,NA
"Sao_Mar586",586,"Sao_Martinho_SONDA","AERONET",NA,NA,NA,NA,-29.443,-53.823,489,NA,NA,NA,NA,NA,NA,NA
"Sao_Pau587",587,"Sao_Paulo","AERONET",NA,NA,NA,NA,-23.561,-46.735,865,NA,NA,NA,NA,NA,NA,NA
"Saturn_588",588,"Saturn_Island","AERONET",NA,NA,NA,NA,48.783,-123.133,200,NA,NA,NA,NA,NA,NA,NA
"SEDE_BO589",589,"SEDE_BOKER","AERONET",NA,NA,NA,NA,30.855,34.782,480,NA,NA,NA,NA,NA,NA,NA
"Senanga590",590,"Senanga","AERONET",NA,NA,NA,NA,-16.109,23.293,1025,NA,NA,NA,NA,NA,NA,NA
"Seoul_S591",591,"Seoul_SNU","AERONET",NA,NA,NA,NA,37.458,126.951,116,NA,NA,NA,NA,NA,NA,NA
"SERC592",592,"SERC","AERONET",NA,NA,NA,NA,38.883,-76.5,10,NA,3.67860412597656,"DEVELOPED_OPEN_SPACE",3.67860412597656,"DEVELOPED_OPEN_SPACE",3.64003682136536,"DEVELOPED_OPEN_SPACE"
"Sesheke593",593,"Sesheke","AERONET",NA,NA,NA,NA,-17.481,24.304,951,NA,NA,NA,NA,NA,NA,NA
"Sevasto594",594,"Sevastopol","AERONET",NA,NA,NA,NA,44.616,33.517,80,NA,NA,NA,NA,NA,NA,NA
"Seville595",595,"Sevilleta","AERONET",NA,NA,NA,NA,34.355,-106.885,1477,NA,2.65932059288025,"DEVELOPED_OPEN_SPACE",2.65932059288025,"DEVELOPED_OPEN_SPACE",2.65932059288025,"DEVELOPED_OPEN_SPACE"
"Seysses596",596,"Seysses","AERONET",NA,NA,NA,NA,43.503,1.26,179,NA,NA,NA,NA,NA,NA,NA
"Shelton597",597,"Shelton","AERONET",NA,NA,NA,NA,40.75,-98.76,563,NA,0.956841111183167,"DEVELOPED_OPEN_SPACE",0.956841111183167,"DEVELOPED_OPEN_SPACE",0.956841111183167,"DEVELOPED_OPEN_SPACE"
"Shiraha598",598,"Shirahama","AERONET",NA,NA,NA,NA,33.693,135.357,10,NA,NA,NA,NA,NA,NA,NA
"Shouxia599",599,"Shouxian","AERONET",NA,NA,NA,NA,32.558,116.782,22,NA,NA,NA,NA,NA,NA,NA
"Silpako600",600,"Silpakorn_Univ","AERONET",NA,NA,NA,NA,13.819,100.041,72,NA,NA,NA,NA,NA,NA,NA
"Singapo601",601,"Singapore","AERONET",NA,NA,NA,NA,1.298,103.78,30,NA,NA,NA,NA,NA,NA,NA
"Sioux_F602",602,"Sioux_Falls","AERONET",NA,NA,NA,NA,43.736,-96.626,500,NA,0.67033976316452,"DEVELOPED_OPEN_SPACE",0.67033976316452,"DEVELOPED_OPEN_SPACE",0.67033976316452,"DEVELOPED_OPEN_SPACE"
"Sioux_F603",603,"Sioux_Falls_X","AERONET",NA,NA,NA,NA,43.736,-96.626,500,NA,0.67033976316452,"DEVELOPED_OPEN_SPACE",0.67033976316452,"DEVELOPED_OPEN_SPACE",0.67033976316452,"DEVELOPED_OPEN_SPACE"
"Sir_Bu_604",604,"Sir_Bu_Nuair","AERONET",NA,NA,NA,NA,25.217,54.233,10,NA,NA,NA,NA,NA,NA,NA
"SKUKUZA605",605,"SKUKUZA_AEROPORT","AERONET",NA,NA,NA,NA,-24.969,31.593,293,NA,NA,NA,NA,NA,NA,NA
"Skukuza606",606,"Skukuza","AERONET",NA,NA,NA,NA,-24.992,31.587,150,NA,NA,NA,NA,NA,NA,NA
"SMART607",607,"SMART","AERONET",NA,NA,NA,NA,24.249,55.612,250,NA,NA,NA,NA,NA,NA,NA
"SMART_P608",608,"SMART_POL","AERONET",NA,NA,NA,NA,24.249,55.612,250,NA,NA,NA,NA,NA,NA,NA
"SMEX609",609,"SMEX","AERONET",NA,NA,NA,NA,41.936,-93.664,316,NA,0.587695121765137,"DEVELOPED_OPEN_SPACE",0.587695121765137,"DEVELOPED_OPEN_SPACE",0.587695121765137,"DEVELOPED_OPEN_SPACE"
"SMHI610",610,"SMHI","AERONET",NA,NA,NA,NA,58.58,16.15,0,NA,NA,NA,NA,NA,NA,NA
"Sodanky611",611,"Sodankyla","AERONET",NA,NA,NA,NA,67.367,26.63,184,NA,NA,NA,NA,NA,NA,NA
"Solar_V612",612,"Solar_Village","AERONET",NA,NA,NA,NA,24.907,46.397,764,NA,NA,NA,NA,NA,NA,NA
"Solwezi613",613,"Solwezi","AERONET",NA,NA,NA,NA,-12.171,26.363,1333,NA,NA,NA,NA,NA,NA,NA
"Songkhl614",614,"Songkhla_Met_Sta","AERONET",NA,NA,NA,NA,7.184,100.605,15,NA,NA,NA,NA,NA,NA,NA
"Son_La615",615,"Son_La","AERONET",NA,NA,NA,NA,21.327,103.914,600,NA,NA,NA,NA,NA,NA,NA
"Sopot616",616,"Sopot","AERONET",NA,NA,NA,NA,54.451,18.565,0,NA,NA,NA,NA,NA,NA,NA
"South_P617",617,"South_Pole_Obs_NOAA","AERONET",NA,NA,NA,NA,-89.996,70.3,2850,NA,NA,NA,NA,NA,NA,NA
"Spokane618",618,"Spokane","AERONET",NA,NA,NA,NA,47.62,-117.534,360,NA,38.0973358154297,"DEVELOPED_LOW_INTENSITY",36.9118461608887,"DEVELOPED_LOW_INTENSITY",35.1763076782227,"DEVELOPED_LOW_INTENSITY"
"SSA_YJP619",619,"SSA_YJP_BOREAS","AERONET",NA,NA,NA,NA,53.675,-104.65,490,NA,NA,NA,NA,NA,NA,NA
"SS_OJP_620",620,"SS_OJP_BOREAS","AERONET",NA,NA,NA,NA,53.916,-104.69,500,NA,NA,NA,NA,NA,NA,NA
"Steambo621",621,"Steamboat_Springs","AERONET",NA,NA,NA,NA,40.464,-106.817,2070,NA,23.4444446563721,"DEVELOPED_LOW_INTENSITY",13.4710741043091,"DEVELOPED_OPEN_SPACE",11.8696050643921,"DEVELOPED_OPEN_SPACE"
"Stennis622",622,"Stennis","AERONET",NA,NA,NA,NA,30.368,-89.617,20,NA,19.9715328216553,"DEVELOPED_OPEN_SPACE",18.8246097564697,"DEVELOPED_OPEN_SPACE",17.8236923217773,"DEVELOPED_OPEN_SPACE"
"Sterlin623",623,"Sterling","AERONET",NA,NA,NA,NA,38.983,-77.467,50,NA,37.1717185974121,"DEVELOPED_LOW_INTENSITY",28.220386505127,"DEVELOPED_LOW_INTENSITY",21.0211200714111,"DEVELOPED_LOW_INTENSITY"
"Sua_Pan624",624,"Sua_Pan","AERONET",NA,NA,NA,NA,-20.533,26.067,900,NA,NA,NA,NA,NA,NA,NA
"Suffiel625",625,"Suffield","AERONET",NA,NA,NA,NA,50.282,-111.131,761,NA,NA,NA,NA,NA,NA,NA
"Surinam626",626,"Surinam","AERONET",NA,NA,NA,NA,5.8,-55.2,0,NA,NA,NA,NA,NA,NA,NA
"Swakopm627",627,"Swakopmund","AERONET",NA,NA,NA,NA,-22.658,14.564,250,NA,NA,NA,NA,NA,NA,NA
"T0_MAX_628",628,"T0_MAX_MEX","AERONET",NA,NA,NA,NA,19.49,-99.148,2257,NA,NA,NA,NA,NA,NA,NA
"T1_MAX_629",629,"T1_MAX_MEX","AERONET",NA,NA,NA,NA,19.703,-98.982,2272,NA,NA,NA,NA,NA,NA,NA
"Taberna630",630,"Tabernas_PSA-DLR","AERONET",NA,NA,NA,NA,37.091,-2.358,500,NA,NA,NA,NA,NA,NA,NA
"TABLE_M631",631,"TABLE_MOUNTAIN_CA","AERONET",NA,NA,NA,NA,34.38,-117.68,2200,NA,1.26629936695099,"DEVELOPED_OPEN_SPACE",1.26629936695099,"DEVELOPED_OPEN_SPACE",1.26629936695099,"DEVELOPED_OPEN_SPACE"
"Table_M632",632,"Table_Mountain","AERONET",NA,NA,NA,NA,40.125,-105.237,1689,NA,0.00183654727879912,"DEVELOPED_OPEN_SPACE",0.00183654727879912,"DEVELOPED_OPEN_SPACE",0.00183654727879912,"DEVELOPED_OPEN_SPACE"
"Tahir633",633,"Tahir","AERONET",NA,NA,NA,NA,5.411,100.197,37,NA,NA,NA,NA,NA,NA,NA
"Tahiti634",634,"Tahiti","AERONET",NA,NA,NA,NA,-17.577,-149.606,98,NA,NA,NA,NA,NA,NA,NA
"Taichun635",635,"Taichung","AERONET",NA,NA,NA,NA,24.106,120.491,10,NA,NA,NA,NA,NA,NA,NA
"Taihu636",636,"Taihu","AERONET",NA,NA,NA,NA,31.421,120.215,20,NA,NA,NA,NA,NA,NA,NA
"Taipei_637",637,"Taipei_CWB","AERONET",NA,NA,NA,NA,25.03,121.5,26,NA,NA,NA,NA,NA,NA,NA
"Tamanra638",638,"Tamanrasset_INM","AERONET",NA,NA,NA,NA,22.79,5.53,1377,NA,NA,NA,NA,NA,NA,NA
"Tamanra639",639,"Tamanrasset_TMP","AERONET",NA,NA,NA,NA,22.79,5.53,1377,NA,NA,NA,NA,NA,NA,NA
"Tamihua640",640,"Tamihua","AERONET",NA,NA,NA,NA,21.261,-97.442,10,NA,NA,NA,NA,NA,NA,NA
"Tampico641",641,"Tampico_MAX_MEX","AERONET",NA,NA,NA,NA,22.278,-97.864,15,NA,NA,NA,NA,NA,NA,NA
"Tarbes642",642,"Tarbes","AERONET",NA,NA,NA,NA,43.25,0.083,350,NA,NA,NA,NA,NA,NA,NA
"Tenerif643",643,"Tenerife","AERONET",NA,NA,NA,NA,28.033,-16.633,10,NA,NA,NA,NA,NA,NA,NA
"Tenosiq644",644,"Tenosique","AERONET",NA,NA,NA,NA,17.488,-91.426,20,NA,NA,NA,NA,NA,NA,NA
"THALA645",645,"THALA","AERONET",NA,NA,NA,NA,35.55,8.683,1091,NA,NA,NA,NA,NA,NA,NA
"The_Hag646",646,"The_Hague","AERONET",NA,NA,NA,NA,52.11,4.327,18,NA,NA,NA,NA,NA,NA,NA
"Thessal647",647,"Thessaloniki","AERONET",NA,NA,NA,NA,40.63,22.96,60,NA,NA,NA,NA,NA,NA,NA
"Thompso648",648,"Thompson_Farm","AERONET",NA,NA,NA,NA,43.109,-70.948,26,NA,0.0569329671561718,"DEVELOPED_OPEN_SPACE",0.0569329671561718,"DEVELOPED_OPEN_SPACE",0.0569329671561718,"DEVELOPED_OPEN_SPACE"
"Thompso649",649,"Thompson","AERONET",NA,NA,NA,NA,55.8,-97.85,218,NA,NA,NA,NA,NA,NA,NA
"Thule650",650,"Thule","AERONET",NA,NA,NA,NA,76.516,-68.769,225,NA,NA,NA,NA,NA,NA,NA
"Tiksi651",651,"Tiksi","AERONET",NA,NA,NA,NA,71.587,128.921,0,NA,NA,NA,NA,NA,NA,NA
"Timisoa652",652,"Timisoara","AERONET",NA,NA,NA,NA,45.746,21.227,122,NA,NA,NA,NA,NA,NA,NA
"Tinga_T653",653,"Tinga_Tingana","AERONET",NA,NA,NA,NA,-28.976,139.991,38,NA,NA,NA,NA,NA,NA,NA
"Tombsto654",654,"Tombstone","AERONET",NA,NA,NA,NA,31.742,-110.05,1408,NA,0,"NO_DEVELOPMENT",0,"NO_DEVELOPMENT",0,"NO_DEVELOPMENT"
"Tomsk_2655",655,"Tomsk_22","AERONET",NA,NA,NA,NA,56.417,84.074,80,NA,NA,NA,NA,NA,NA,NA
"Tomsk656",656,"Tomsk","AERONET",NA,NA,NA,NA,56.477,85.047,130,NA,NA,NA,NA,NA,NA,NA
"Tonopah657",657,"Tonopah_Airport","AERONET",NA,NA,NA,NA,38.05,-117.091,1580,NA,7.18549108505249,"DEVELOPED_OPEN_SPACE",7.18549108505249,"DEVELOPED_OPEN_SPACE",7.11111116409302,"DEVELOPED_OPEN_SPACE"
"Toraver658",658,"Toravere","AERONET",NA,NA,NA,NA,58.255,26.46,70,NA,NA,NA,NA,NA,NA,NA
"Toronto659",659,"Toronto","AERONET",NA,NA,NA,NA,43.97,-79.47,300,NA,NA,NA,NA,NA,NA,NA
"Toulon660",660,"Toulon","AERONET",NA,NA,NA,NA,43.136,6.009,50,NA,NA,NA,NA,NA,NA,NA
"Toulous661",661,"Toulouse","AERONET",NA,NA,NA,NA,43.575,1.374,150,NA,NA,NA,NA,NA,NA,NA
"TOULOUS662",662,"TOULOUSE","AERONET",NA,NA,NA,NA,43.562,1.476,150,NA,NA,NA,NA,NA,NA,NA
"Trelew663",663,"Trelew","AERONET",NA,NA,NA,NA,-43.25,-65.309,15,NA,NA,NA,NA,NA,NA,NA
"Tremiti664",664,"Tremiti","AERONET",NA,NA,NA,NA,42.118,15.49,4,NA,NA,NA,NA,NA,NA,NA
"Trinida665",665,"Trinidad_Head","AERONET",NA,NA,NA,NA,41.054,-124.151,105,NA,0.0899908170104027,"DEVELOPED_OPEN_SPACE",0.0899908170104027,"DEVELOPED_OPEN_SPACE",0.0899908170104027,"DEVELOPED_OPEN_SPACE"
"TUBITAK666",666,"TUBITAK_UZAY_Ankara","AERONET",NA,NA,NA,NA,39.891,32.778,924,NA,NA,NA,NA,NA,NA,NA
"Tucson667",667,"Tucson","AERONET",NA,NA,NA,NA,32.233,-110.953,779,NA,56.751148223877,"DEVELOPED_MEDIUM_INTENSITY",55.5371894836426,"DEVELOPED_MEDIUM_INTENSITY",52.921028137207,"DEVELOPED_MEDIUM_INTENSITY"
"Tudor_H668",668,"Tudor_Hill","AERONET",NA,NA,NA,NA,32.264,-64.879,51,NA,NA,NA,NA,NA,NA,NA
"Tukurui669",669,"Tukurui","AERONET",NA,NA,NA,NA,-3.717,-49.683,100,NA,NA,NA,NA,NA,NA,NA
"Tuxtla_670",670,"Tuxtla_Gutierrez","AERONET",NA,NA,NA,NA,16.755,-93.152,590,NA,NA,NA,NA,NA,NA,NA
"Tuz_Gol671",671,"Tuz_Golu_2","AERONET",NA,NA,NA,NA,38.837,33.449,917,NA,NA,NA,NA,NA,NA,NA
"Tuz_Gol672",672,"Tuz_Golu","AERONET",NA,NA,NA,NA,38.749,33.336,907,NA,NA,NA,NA,NA,NA,NA
"UAHunts673",673,"UAHuntsville","AERONET",NA,NA,NA,NA,34.725,-86.645,223,NA,38.9944915771484,"DEVELOPED_LOW_INTENSITY",38.3406791687012,"DEVELOPED_LOW_INTENSITY",36.204776763916,"DEVELOPED_LOW_INTENSITY"
"Uberlan674",674,"Uberlandia","AERONET",NA,NA,NA,NA,-18.9,-48.283,850,NA,NA,NA,NA,NA,NA,NA
"Ubon_Ra675",675,"Ubon_Ratchathani","AERONET",NA,NA,NA,NA,15.246,104.871,120,NA,NA,NA,NA,NA,NA,NA
"UCLA676",676,"UCLA","AERONET",NA,NA,NA,NA,34.07,-118.45,131,NA,24.3434352874756,"DEVELOPED_LOW_INTENSITY",24.0431594848633,"DEVELOPED_LOW_INTENSITY",23.4958686828613,"DEVELOPED_LOW_INTENSITY"
"UCSB677",677,"UCSB","AERONET",NA,NA,NA,NA,34.415,-119.845,33,NA,19.6290168762207,"DEVELOPED_OPEN_SPACE",19.3663921356201,"DEVELOPED_OPEN_SPACE",17.7190074920654,"DEVELOPED_OPEN_SPACE"
"Ukiah678",678,"Ukiah","AERONET",NA,NA,NA,NA,45.134,-118.919,1100,NA,0.168962344527245,"DEVELOPED_OPEN_SPACE",0.168962344527245,"DEVELOPED_OPEN_SPACE",0.168962344527245,"DEVELOPED_OPEN_SPACE"
"Ulaango679",679,"Ulaangom","AERONET",NA,NA,NA,NA,49.973,92.078,1363,NA,NA,NA,NA,NA,NA,NA
"UMBC680",680,"UMBC","AERONET",NA,NA,NA,NA,39.255,-76.709,79,NA,30.8448123931885,"DEVELOPED_LOW_INTENSITY",29.1276397705078,"DEVELOPED_LOW_INTENSITY",26.9155197143555,"DEVELOPED_LOW_INTENSITY"
"Umm_Al_681",681,"Umm_Al_Quwain","AERONET",NA,NA,NA,NA,25.533,55.658,20,NA,NA,NA,NA,NA,NA,NA
"Univ_of682",682,"Univ_of_Houston","AERONET",NA,NA,NA,NA,29.718,-95.342,65,NA,70.1028442382812,"DEVELOPED_MEDIUM_INTENSITY",69.0606079101562,"DEVELOPED_MEDIUM_INTENSITY",68.0027542114258,"DEVELOPED_MEDIUM_INTENSITY"
"Univ_of683",683,"Univ_of_Lethbridge","AERONET",NA,NA,NA,NA,49.682,-112.869,737,NA,NA,NA,NA,NA,NA,NA
"USC_SEA684",684,"USC_SEAPRISM","AERONET",NA,NA,NA,NA,33.564,-118.118,31,NA,NA,NA,NA,NA,NA,NA
"USDA-BA685",685,"USDA-BARC","AERONET",NA,NA,NA,NA,39.031,-76.932,46,NA,17.9935722351074,"DEVELOPED_OPEN_SPACE",17.6960506439209,"DEVELOPED_OPEN_SPACE",17.6584014892578,"DEVELOPED_OPEN_SPACE"
"USDA-Ho686",686,"USDA-Howard","AERONET",NA,NA,NA,NA,39.054,-76.877,52,NA,3.643709897995,"DEVELOPED_OPEN_SPACE",3.643709897995,"DEVELOPED_OPEN_SPACE",3.643709897995,"DEVELOPED_OPEN_SPACE"
"USDA687",687,"USDA","AERONET",NA,NA,NA,NA,39.03,-76.88,50,NA,3.44628095626831,"DEVELOPED_OPEN_SPACE",3.44628095626831,"DEVELOPED_OPEN_SPACE",3.44628095626831,"DEVELOPED_OPEN_SPACE"
"USM_Pen688",688,"USM_Penang","AERONET",NA,NA,NA,NA,5.358,100.302,51,NA,NA,NA,NA,NA,NA,NA
"Ussuriy689",689,"Ussuriysk","AERONET",NA,NA,NA,NA,43.7,132.163,280,NA,NA,NA,NA,NA,NA,NA
"Venise690",690,"Venise","AERONET",NA,NA,NA,NA,45.314,12.508,10,NA,NA,NA,NA,NA,NA,NA
"Vientia691",691,"Vientiane","AERONET",NA,NA,NA,NA,17.992,102.57,170,NA,NA,NA,NA,NA,NA,NA
"Villefr692",692,"Villefranche","AERONET",NA,NA,NA,NA,43.684,7.329,130,NA,NA,NA,NA,NA,NA,NA
"Vinon693",693,"Vinon","AERONET",NA,NA,NA,NA,43.709,5.759,304,NA,NA,NA,NA,NA,NA,NA
"Vishkha694",694,"Vishkhapatnam","AERONET",NA,NA,NA,NA,17.724,83.327,30,NA,NA,NA,NA,NA,NA,NA
"Walker_695",695,"Walker_Branch","AERONET",NA,NA,NA,NA,35.958,-84.287,365,NA,0.101010099053383,"DEVELOPED_OPEN_SPACE",0.101010099053383,"DEVELOPED_OPEN_SPACE",0.101010099053383,"DEVELOPED_OPEN_SPACE"
"Wallops696",696,"Wallops","AERONET",NA,NA,NA,NA,37.942,-75.475,10,NA,20.281909942627,"DEVELOPED_LOW_INTENSITY",19.8337917327881,"DEVELOPED_OPEN_SPACE",17.8797054290771,"DEVELOPED_OPEN_SPACE"
"Waskesi697",697,"Waskesiu","AERONET",NA,NA,NA,NA,53.917,-106.083,550,NA,NA,NA,NA,NA,NA,NA
"WaveCIS698",698,"WaveCIS_Site_CSI_6","AERONET",NA,NA,NA,NA,28.867,-90.483,32,NA,NA,NA,NA,NA,NA,NA
"White_S699",699,"White_Sands_HELSTF","AERONET",NA,NA,NA,NA,32.635,-106.338,1207,NA,0.748392999172211,"DEVELOPED_OPEN_SPACE",0.748392999172211,"DEVELOPED_OPEN_SPACE",0.748392999172211,"DEVELOPED_OPEN_SPACE"
"Windsor700",700,"Windsor_B","AERONET",NA,NA,NA,NA,42.283,-83.083,200,NA,NA,NA,NA,NA,NA,NA
"Wits_Un701",701,"Wits_University","AERONET",NA,NA,NA,NA,-26.192,28.029,1775,NA,NA,NA,NA,NA,NA,NA
"Wytham_702",702,"Wytham_Woods","AERONET",NA,NA,NA,NA,51.77,-1.333,160,NA,NA,NA,NA,NA,NA,NA
"Xanthi703",703,"Xanthi","AERONET",NA,NA,NA,NA,41.147,24.919,54,NA,NA,NA,NA,NA,NA,NA
"XiangHe704",704,"XiangHe","AERONET",NA,NA,NA,NA,39.754,116.962,36,NA,NA,NA,NA,NA,NA,NA
"Xinglon705",705,"Xinglong","AERONET",NA,NA,NA,NA,40.396,117.578,970,NA,NA,NA,NA,NA,NA,NA
"Yakutsk706",706,"Yakutsk","AERONET",NA,NA,NA,NA,61.662,129.367,118,NA,NA,NA,NA,NA,NA,NA
"Yaqui707",707,"Yaqui","AERONET",NA,NA,NA,NA,27.281,-109.912,40,NA,NA,NA,NA,NA,NA,NA
"Yekater708",708,"Yekaterinburg","AERONET",NA,NA,NA,NA,57.038,59.545,300,NA,NA,NA,NA,NA,NA,NA
"Yellowk709",709,"Yellowknife_Aurora","AERONET",NA,NA,NA,NA,62.451,-114.376,220,NA,NA,NA,NA,NA,NA,NA
"Yellowk710",710,"Yellowknife","AERONET",NA,NA,NA,NA,62.452,-114.407,201,NA,NA,NA,NA,NA,NA,NA
"Yonsei_711",711,"Yonsei_University","AERONET",NA,NA,NA,NA,37.564,126.935,88,NA,NA,NA,NA,NA,NA,NA
"Yufa_PE712",712,"Yufa_PEK","AERONET",NA,NA,NA,NA,39.309,116.184,20,NA,NA,NA,NA,NA,NA,NA
"Yulin713",713,"Yulin","AERONET",NA,NA,NA,NA,38.283,109.717,1080,NA,NA,NA,NA,NA,NA,NA
"Yuma714",714,"Yuma","AERONET",NA,NA,NA,NA,32.644,-114.583,63,NA,22.3599624633789,"DEVELOPED_LOW_INTENSITY",21.4398536682129,"DEVELOPED_LOW_INTENSITY",3.55647373199463,"DEVELOPED_OPEN_SPACE"
"Zambezi715",715,"Zambezi","AERONET",NA,NA,NA,NA,-13.533,23.107,1040,NA,NA,NA,NA,NA,NA,NA
"Zhangye716",716,"Zhangye","AERONET",NA,NA,NA,NA,39.079,100.276,1461,NA,NA,NA,NA,NA,NA,NA
"Zinder_717",717,"Zinder_Airport","AERONET",NA,NA,NA,NA,13.777,8.99,456,NA,NA,NA,NA,NA,NA,NA
"Zinder_718",718,"Zinder_DMN","AERONET",NA,NA,NA,NA,13.775,8.984,460,NA,NA,NA,NA,NA,NA,NA
"Zvenigo719",719,"Zvenigorod","AERONET",NA,NA,NA,NA,55.695,36.775,200,NA,NA,NA,NA,NA,NA,NA
